Date,Open,High,Low,Close,Adj Close,Volume
2009-05-11,21.365000,21.594999,21.270000,21.375000,14.709943,18437800
2009-05-12,21.480000,22.344999,21.430000,22.200001,15.277696,37052200
2009-05-13,22.014999,22.195000,21.719999,21.815001,15.012737,23717800
2009-05-14,21.959999,22.584999,21.955000,22.450001,15.449741,34590000
2009-05-15,22.415001,22.540001,22.315001,22.480000,15.470379,34102200
2009-05-18,22.570000,23.059999,22.340000,23.035000,15.852328,28462000
2009-05-19,23.070000,23.465000,22.910000,23.320000,16.048460,31889400
2009-05-20,23.405001,23.645000,23.270000,23.500000,16.172333,33379200
2009-05-21,23.320000,23.410000,23.200001,23.340000,16.062214,28366400
2009-05-22,23.334999,23.855000,23.320000,23.650000,16.275560,24576400
2009-05-26,23.500000,23.740000,23.440001,23.605000,16.244591,28784800
2009-05-27,23.565001,23.594999,23.270000,23.315001,16.045012,19064800
2009-05-28,23.325001,23.600000,23.180000,23.450001,16.137917,18940200
2009-05-29,23.504999,24.580000,23.475000,24.580000,16.915567,45436800
2009-06-01,24.625000,24.725000,24.360001,24.510000,16.867399,42668400
2009-06-02,24.504999,24.965000,24.440001,24.830000,17.087614,33442000
2009-06-03,24.670000,24.750000,24.385000,24.545000,16.891483,26862800
2009-06-04,24.570000,24.895000,24.355000,24.879999,17.122025,21710200
2009-06-05,24.955000,24.969999,24.615000,24.719999,17.011915,19833400
2009-06-08,24.615000,24.815001,24.405001,24.690001,16.991274,15849400
2009-06-09,24.754999,24.799999,24.430000,24.545000,16.891483,20304400
2009-06-10,24.650000,24.680000,24.025000,24.205000,16.657499,28236200
2009-06-11,24.059999,24.605000,24.040001,24.290001,16.858776,20569000
2009-06-12,24.340000,24.520000,24.240000,24.445000,16.966358,17240800
2009-06-15,24.305000,24.330000,24.049999,24.055000,16.695671,17630000
2009-06-16,24.094999,24.165001,23.910000,23.915001,16.598511,15866200
2009-06-17,23.940001,24.320000,23.920000,23.965000,16.633211,16653800
2009-06-18,23.995001,24.820000,23.980000,24.775000,17.195398,24154600
2009-06-19,24.865000,24.945000,24.355000,24.405001,16.938595,30718400
2009-06-22,24.260000,24.405001,23.995001,23.995001,16.654028,21359600
2009-06-23,24.094999,24.264999,23.875000,23.900000,16.588099,18727000
2009-06-24,24.059999,24.245001,23.680000,23.750000,16.483986,17777000
2009-06-25,23.709999,24.014999,23.590000,23.924999,16.605440,20630200
2009-06-26,23.860001,24.145000,23.815001,24.065001,16.702610,26200600
2009-06-29,24.070000,24.250000,24.059999,24.145000,16.758137,17526600
2009-06-30,24.105000,24.125000,23.905001,23.995001,16.654028,31447400
2009-07-01,24.240000,24.799999,24.205000,24.590000,17.066996,24212400
2009-07-02,24.385000,24.715000,24.385000,24.440001,16.962891,22199200
2009-07-06,24.340000,24.525000,24.190001,24.500000,17.004524,16671800
2009-07-07,24.365000,24.584999,24.275000,24.320000,16.879601,17109000
2009-07-08,24.275000,24.440001,24.084999,24.254999,16.834488,21321000
2009-07-09,24.360001,24.424999,24.254999,24.355000,16.903894,17427000
2009-07-10,24.250000,24.434999,24.010000,24.155001,16.765083,15619200
2009-07-13,24.190001,24.590000,24.049999,24.525000,17.021883,20608400
2009-07-14,24.510000,24.674999,24.370001,24.645000,17.105169,15369200
2009-07-15,24.735001,25.290001,24.695000,25.264999,17.535492,20127200
2009-07-16,25.174999,25.440001,25.080000,25.395000,17.625715,15817800
2009-07-17,25.155001,25.275000,25.014999,25.160000,17.462612,19808400
2009-07-20,25.305000,25.514999,25.035000,25.514999,17.709003,19104800
2009-07-21,25.415001,25.415001,24.900000,25.174999,17.473026,28738600
2009-07-22,25.160000,25.170000,24.424999,24.565001,17.049643,28358800
2009-07-23,24.565001,25.010000,24.440001,24.590000,17.066996,26749000
2009-07-24,24.705000,24.820000,24.420000,24.680000,17.129459,16574000
2009-07-27,24.680000,24.795000,24.575001,24.760000,17.184986,16257600
2009-07-28,24.715000,24.875000,24.500000,24.695000,17.139874,16079600
2009-07-29,24.709999,24.969999,24.545000,24.639999,17.101698,18125000
2009-07-30,24.910000,25.250000,24.775000,24.834999,17.237043,19436600
2009-07-31,24.820000,25.100000,24.750000,24.920000,17.296040,16822200
2009-08-03,25.014999,25.049999,24.650000,24.799999,17.212749,18436000
2009-08-04,24.780001,25.075001,24.674999,24.750000,17.178051,17580200
2009-08-05,24.754999,24.795000,24.500000,24.584999,17.063528,15010000
2009-08-06,24.705000,24.775000,24.600000,24.695000,17.139874,13811600
2009-08-07,24.830000,24.875000,24.584999,24.670000,17.122519,13305400
2009-08-10,24.629999,24.740000,24.490000,24.719999,17.157225,13499200
2009-08-11,24.709999,24.740000,24.475000,24.520000,17.018414,12509000
2009-08-12,24.480000,24.545000,24.215000,24.230000,16.817135,24894800
2009-08-13,24.215000,24.325001,23.709999,24.059999,16.699146,26560600
2009-08-14,24.025000,24.235001,24.000000,24.235001,16.820601,14806400
2009-08-17,24.219999,24.395000,24.059999,24.350000,16.900423,16211600
2009-08-18,24.375000,24.475000,24.240000,24.305000,16.869194,15516200
2009-08-19,24.160000,24.740000,24.160000,24.680000,17.129459,17039600
2009-08-20,24.695000,24.790001,24.559999,24.709999,17.150284,11873200
2009-08-21,24.799999,24.990000,24.625000,24.955000,17.320328,17650000
2009-08-24,24.900000,24.900000,24.405001,24.530001,17.025352,21742400
2009-08-25,24.559999,24.575001,24.344999,24.370001,16.914303,21427800
2009-08-26,24.410000,24.660000,24.350000,24.590000,17.066996,13591400
2009-08-27,24.590000,24.820000,24.379999,24.719999,17.157225,13884800
2009-08-28,24.809999,24.820000,24.459999,24.530001,17.025352,13716200
2009-08-31,24.420000,24.684999,24.250000,24.385000,16.924719,21321600
2009-09-01,24.360001,24.625000,24.190001,24.264999,16.841421,24552800
2009-09-02,24.275000,25.150000,24.275000,24.900000,17.282160,40824000
2009-09-03,24.815001,24.924999,24.615000,24.790001,17.205807,22579800
2009-09-04,24.650000,25.040001,24.525000,24.975000,17.334208,15117600
2009-09-08,24.969999,25.395000,24.860001,25.205000,17.493851,31283600
2009-09-09,25.195000,25.405001,25.120001,25.315001,17.570200,15813000
2009-09-10,25.264999,25.400000,25.080000,25.290001,17.552847,21545000
2009-09-11,25.065001,25.870001,25.000000,25.754999,18.021666,34130200
2009-09-14,25.540001,26.235001,25.455000,26.080000,18.249079,33162200
2009-09-15,26.040001,26.290001,25.825001,26.225000,18.350544,27725400
2009-09-16,26.219999,26.410000,25.950001,26.334999,18.427509,26104600
2009-09-17,26.250000,26.725000,26.209999,26.709999,18.689913,27358600
2009-09-18,26.840000,27.059999,26.650000,26.879999,18.808865,124169000
2009-09-21,26.740000,26.879999,26.389999,26.500000,18.542965,24711600
2009-09-22,26.655001,26.655001,26.365000,26.424999,18.490486,19425600
2009-09-23,26.469999,26.575001,26.084999,26.290001,18.396021,20835200
2009-09-24,26.290001,26.570000,26.115000,26.170000,18.312057,24283000
2009-09-25,26.165001,26.639999,26.135000,26.485001,18.532476,21737000
2009-09-28,26.514999,26.815001,26.450001,26.565001,18.588449,15193400
2009-09-29,26.700001,26.770000,26.594999,26.655001,18.651424,17321200
2009-09-30,26.660000,26.975000,26.299999,26.850000,18.787872,28275800
2009-10-01,26.700001,26.850000,26.520000,26.559999,18.584944,28071000
2009-10-02,26.530001,27.040001,26.455000,26.934999,18.847353,25169000
2009-10-05,26.905001,27.000000,26.650000,26.900000,18.822859,15554600
2009-10-06,26.905001,27.325001,26.830000,27.160000,19.004791,19109800
2009-10-07,27.430000,27.639999,27.160000,27.405001,19.176228,20761400
2009-10-08,27.504999,27.504999,27.160000,27.295000,19.099251,18030400
2009-10-09,27.334999,27.450001,27.125000,27.325001,19.120255,11828400
2009-10-12,27.415001,27.625000,27.264999,27.395000,19.169230,16013800
2009-10-13,27.385000,27.480000,27.275000,27.400000,19.172724,11937400
2009-10-14,27.459999,27.514999,27.295000,27.420000,19.186720,16081000
2009-10-15,27.365000,27.605000,27.174999,27.459999,19.214710,24241800
2009-10-16,27.459999,27.600000,27.344999,27.504999,19.246201,22090800
2009-10-19,27.570000,27.750000,27.334999,27.395000,19.169230,20656000
2009-10-20,26.795000,27.075001,26.590000,27.035000,18.917322,26859600
2009-10-21,26.910000,27.344999,26.850000,27.035000,18.917322,16511200
2009-10-22,26.790001,27.135000,26.705000,27.075001,18.945314,16361000
2009-10-23,26.955000,27.075001,26.559999,26.620001,18.626944,21709400
2009-10-26,26.540001,27.150000,26.355000,26.615000,18.623434,21567600
2009-10-27,26.620001,26.959999,26.545000,26.730000,18.703905,14735200
2009-10-28,26.625000,27.000000,26.615000,26.754999,18.721401,16017200
2009-10-29,26.760000,27.055000,26.575001,27.045000,18.924320,14807000
2009-10-30,27.030001,27.135000,26.555000,26.655001,18.651424,21812200
2009-11-02,26.754999,26.959999,26.580000,26.860001,18.794870,18603600
2009-11-03,26.825001,26.840000,26.385000,26.559999,18.584944,16314800
2009-11-04,26.709999,27.000000,26.514999,26.745001,18.714403,14114400
2009-11-05,26.754999,27.240000,26.725000,27.200001,19.032784,16305800
2009-11-06,26.985001,27.250000,26.905001,27.245001,19.064266,10680400
2009-11-09,27.295000,27.750000,27.084999,27.740000,19.410637,19230400
2009-11-10,27.674999,28.094999,27.625000,27.905001,19.526093,16139400
2009-11-11,28.030001,28.135000,27.870001,28.065001,19.638056,14304600
2009-11-12,28.055000,28.190001,27.924999,27.969999,19.571573,15196000
2009-11-13,28.030001,28.350000,27.950001,28.230000,19.753504,23351000
2009-11-16,28.325001,28.545000,28.215000,28.370001,19.851471,16239400
2009-11-17,28.320000,28.459999,28.225000,28.434999,19.896954,11344000
2009-11-18,28.465000,28.500000,28.145000,28.290001,19.795490,15253200
2009-11-19,28.120001,28.490000,28.020000,28.440001,19.900452,18154400
2009-11-20,28.344999,28.844999,28.344999,28.740000,20.110380,20697600
2009-11-23,28.855000,29.174999,28.855000,29.120001,20.376272,18542400
2009-11-24,29.215000,29.215000,28.930000,29.094999,20.358782,15581400
2009-11-25,29.184999,29.184999,28.995001,29.055000,20.330790,13380600
2009-11-27,28.490000,28.764999,28.200001,28.590000,20.147560,15675400
2009-11-30,28.645000,28.660000,28.400000,28.600000,20.154619,18884800
2009-12-01,28.795000,29.129999,28.690001,29.040001,20.464682,15359800
2009-12-02,28.915001,29.100000,28.840000,28.980000,20.422401,13599400
2009-12-03,29.045000,29.045000,28.580000,28.635000,20.179279,20241800
2009-12-04,28.799999,29.014999,28.405001,28.745001,20.256792,24927200
2009-12-07,28.480000,29.049999,28.350000,28.934999,20.390688,16705400
2009-12-08,28.764999,28.870001,28.535000,28.840000,20.323742,18290800
2009-12-09,28.725000,28.924999,28.514999,28.915001,20.376593,19494600
2009-12-10,28.990000,29.459999,28.959999,29.290001,20.640860,30755400
2009-12-11,29.299999,29.700001,29.299999,29.555000,20.827606,30435600
2009-12-14,29.555000,29.725000,29.459999,29.520000,20.802946,16670200
2009-12-15,29.575001,29.594999,29.424999,29.530001,20.809996,15299800
2009-12-16,29.475000,29.600000,29.190001,29.209999,20.584478,19605000
2009-12-17,29.129999,29.135000,28.469999,28.490000,20.077095,25472000
2009-12-18,28.629999,28.629999,28.155001,28.459999,20.055954,37737800
2009-12-21,28.510000,28.805000,28.450001,28.590000,20.147560,14616200
2009-12-22,28.575001,28.790001,28.545000,28.635000,20.179279,12111800
2009-12-23,28.600000,28.750000,28.495001,28.645000,20.186323,10937600
2009-12-24,28.745001,28.754999,28.525000,28.719999,20.239183,5814200
2009-12-28,28.705000,28.790001,28.639999,28.719999,20.239183,7679600
2009-12-29,28.725000,28.985001,28.725000,28.870001,20.344883,9551000
2009-12-30,28.870001,28.950001,28.740000,28.840000,20.323742,9625200
2009-12-31,28.790001,28.875000,28.465000,28.500000,20.084139,10848800
2010-01-04,28.580000,28.610001,28.450001,28.520000,20.098238,13870400
2010-01-05,28.424999,28.495001,28.070000,28.174999,19.855110,23172400
2010-01-06,28.174999,28.219999,27.990000,28.165001,19.848063,19264600
2010-01-07,28.165001,28.184999,27.875000,28.094999,19.798731,13234600
2010-01-08,27.730000,27.820000,27.375000,27.575001,19.432291,28712400
2010-01-11,27.575001,28.225000,27.400000,28.135000,19.826921,28642400
2010-01-12,28.045000,28.500000,28.030001,28.440001,20.041861,23269800
2010-01-13,28.430000,28.715000,28.344999,28.514999,20.094711,15157400
2010-01-14,28.520000,28.625000,28.385000,28.565001,20.129946,12392600
2010-01-15,28.475000,28.674999,28.020000,28.145000,19.833967,27460800
2010-01-19,28.110001,28.245001,27.959999,28.209999,19.879776,14615400
2010-01-20,28.080000,28.195000,27.645000,27.750000,19.555609,18810200
2010-01-21,27.775000,27.790001,27.094999,27.184999,19.157446,27396800
2010-01-22,27.174999,27.430000,26.990000,27.120001,19.111645,23551400
2010-01-25,27.245001,27.270000,26.940001,27.174999,19.150410,16853200
2010-01-26,27.035000,27.250000,26.934999,27.070000,19.076406,15515000
2010-01-27,27.000000,27.330000,26.850000,27.254999,19.206779,20414800
2010-01-28,27.355000,27.420000,27.065001,27.090000,19.090509,20905200
2010-01-29,27.219999,27.469999,26.950001,27.125000,19.115171,22146800
2010-02-01,27.254999,27.280001,27.000000,27.190001,19.160976,14517600
2010-02-02,27.264999,27.605000,27.075001,27.525000,19.397055,16888600
2010-02-03,27.459999,27.480000,27.264999,27.434999,19.333633,15899400
2010-02-04,27.275000,27.340000,26.700001,26.715000,18.826241,21342800
2010-02-05,26.620001,26.715000,26.264999,26.545000,18.706436,29285000
2010-02-08,26.635000,26.635000,26.285000,26.325001,18.551409,16721200
2010-02-09,26.844999,27.490000,26.684999,27.004999,19.030605,31495000
2010-02-10,27.299999,27.299999,26.584999,26.895000,18.953083,18717600
2010-02-11,26.799999,27.165001,26.635000,27.110001,19.104597,26327200
2010-02-12,26.959999,27.200001,26.809999,26.990000,19.020044,24640000
2010-02-16,27.254999,27.410000,26.965000,27.410000,19.316011,19339400
2010-02-17,27.405001,27.775000,27.379999,27.665001,19.495712,17064600
2010-02-18,27.575001,27.959999,27.575001,27.955000,19.700081,17264600
2010-02-19,27.900000,27.950001,27.590000,27.860001,19.633131,18944800
2010-02-22,27.900000,27.930000,27.635000,27.690001,19.513330,13487600
2010-02-23,27.705000,27.799999,27.395000,27.415001,19.319534,14835600
2010-02-24,27.500000,27.590000,27.344999,27.580000,19.435812,14470600
2010-02-25,26.570000,26.790001,26.305000,26.559999,18.717007,63648600
2010-02-26,26.545000,26.545000,26.115000,26.360001,18.576071,63095400
2010-03-01,26.610001,26.684999,26.395000,26.635000,18.769863,39449800
2010-03-02,26.690001,26.844999,26.575001,26.650000,18.780434,24506200
2010-03-03,26.650000,27.059999,26.590000,26.965000,19.002419,26574200
2010-03-04,27.350000,27.520000,27.160000,27.235001,19.192684,28983200
2010-03-05,27.344999,27.475000,27.180000,27.350000,19.273733,24238600
2010-03-08,27.360001,27.434999,27.160000,27.230000,19.189165,18915600
2010-03-09,27.170000,27.295000,26.975000,27.090000,19.090509,23070000
2010-03-10,27.129999,27.184999,27.020000,27.100000,19.097553,21574800
2010-03-11,26.889999,26.889999,26.500000,26.799999,19.040712,29130600
2010-03-12,26.844999,26.885000,26.629999,26.674999,18.951910,22334400
2010-03-15,26.865000,26.920000,26.684999,26.825001,19.058477,23874000
2010-03-16,26.900000,26.934999,26.785000,26.850000,19.076241,22287800
2010-03-17,26.910000,26.995001,26.799999,26.920000,19.125965,26074400
2010-03-18,26.950001,27.020000,26.870001,26.975000,19.165045,23496200
2010-03-19,27.375000,27.530001,26.799999,27.375000,19.449240,43610800
2010-03-22,27.245001,27.424999,27.200001,27.270000,19.374641,18127400
2010-03-23,27.355000,27.670000,27.205000,27.650000,19.644615,19081200
2010-03-24,27.610001,27.680000,27.305000,27.309999,19.403053,17052600
2010-03-25,27.455000,27.590000,27.325001,27.400000,19.466997,16638800
2010-03-26,27.395000,27.485001,27.250000,27.325001,19.413713,16276800
2010-03-29,27.400000,27.480000,27.334999,27.385000,19.456345,13853600
2010-03-30,27.450001,27.525000,27.305000,27.434999,19.491865,13631600
2010-03-31,27.395000,27.645000,27.250000,27.500000,19.538046,22922000
2010-04-01,27.680000,27.715000,27.565001,27.650000,19.644615,14346000
2010-04-05,27.780001,27.780001,27.325001,27.430000,19.488316,19191800
2010-04-06,27.420000,27.420000,27.110001,27.145000,19.285828,17604200
2010-04-07,27.150000,27.150000,26.780001,26.910000,19.118864,24060800
2010-04-08,26.889999,26.889999,26.719999,26.879999,19.097551,19466800
2010-04-09,26.955000,27.305000,26.924999,27.295000,19.392395,20640600
2010-04-12,27.325001,27.430000,27.254999,27.379999,19.452785,16930400
2010-04-13,27.340000,27.540001,27.325001,27.510000,19.545153,15055000
2010-04-14,27.514999,27.530001,27.325001,27.475000,19.520288,13865200
2010-04-15,27.379999,27.385000,27.065001,27.129999,19.275175,20351000
2010-04-16,27.115000,27.570000,27.084999,27.485001,19.527391,35075600
2010-04-19,27.490000,27.660000,27.459999,27.660000,19.651718,26468600
2010-04-20,27.610001,27.645000,27.160000,27.235001,19.349766,32508800
2010-04-21,27.285000,27.290001,27.000000,27.094999,19.250301,19263200
2010-04-22,27.070000,27.254999,27.000000,27.155001,19.292933,20295600
2010-04-23,27.230000,27.230000,26.870001,26.940001,19.140177,21675400
2010-04-26,27.000000,27.174999,26.865000,26.865000,19.086891,17890800
2010-04-27,26.830000,26.930000,26.420000,26.434999,18.781387,27600400
2010-04-28,26.504999,26.785000,26.280001,26.680000,18.955454,24754600
2010-04-29,26.809999,27.094999,26.780001,26.870001,19.090450,17437600
2010-04-30,26.809999,26.980000,26.700001,26.725000,18.987429,19349600
2010-05-03,26.855000,26.975000,26.635000,26.879999,19.097551,16123400
2010-05-04,26.695000,26.900000,26.525000,26.590000,18.891512,23282800
2010-05-05,26.715000,26.950001,26.600000,26.830000,19.062029,23670400
2010-05-06,26.834999,27.100000,25.605000,26.150000,18.578907,47912000
2010-05-07,26.094999,26.420000,25.770000,26.334999,18.710340,43535600
2010-05-10,26.924999,27.045000,26.625000,27.020000,19.197020,35311400
2010-05-11,26.809999,27.035000,26.750000,26.805000,19.044262,23165200
2010-05-12,26.900000,27.049999,26.709999,27.010000,19.189915,24005400
2010-05-13,26.975000,27.000000,26.725000,26.745001,19.001642,19319800
2010-05-14,26.680000,26.825001,26.430000,26.670000,18.948349,25868200
2010-05-17,26.740000,26.775000,26.424999,26.705000,18.973213,17393400
2010-05-18,26.850000,26.860001,26.540001,26.549999,18.863096,20435600
2010-05-19,26.500000,26.674999,26.230000,26.559999,18.870199,21119200
2010-05-20,26.250000,26.250000,25.764999,25.770000,18.308928,29290400
2010-05-21,25.420000,25.860001,25.150000,25.795000,18.326683,34233400
2010-05-24,25.605000,25.934999,25.510000,25.730000,18.280504,16832600
2010-05-25,25.184999,25.365000,24.969999,25.309999,17.982103,28693800
2010-05-26,25.415001,25.440001,24.969999,25.040001,17.790277,32607800
2010-05-27,25.305000,25.625000,25.129999,25.615000,18.198801,22663600
2010-05-28,25.590000,25.975000,25.500000,25.700001,18.259199,23577000
2010-06-01,25.559999,26.055000,25.365000,25.645000,18.220118,24274800
2010-06-02,25.770000,26.205000,25.584999,26.205000,18.617985,18742200
2010-06-03,26.334999,26.500000,26.225000,26.375000,18.738756,23564400
2010-06-04,26.070000,26.070000,25.510000,25.635000,18.213011,23942800
2010-06-07,25.615000,25.750000,25.385000,25.400000,18.046051,20177800
2010-06-08,25.395000,25.910000,25.260000,25.780001,18.316029,22429800
2010-06-09,25.780001,25.924999,25.584999,25.674999,18.241432,17645800
2010-06-10,25.930000,26.250000,25.930000,26.225000,18.632195,18790000
2010-06-11,25.855000,25.865000,25.565001,25.825001,18.503225,14946000
2010-06-14,25.969999,25.985001,25.730000,25.754999,18.453070,13656400
2010-06-15,25.915001,26.100000,25.780001,26.090000,18.693085,16368600
2010-06-16,25.915001,26.219999,25.885000,26.200001,18.771904,16784800
2010-06-17,26.250000,26.350000,26.020000,26.180000,18.757576,20740200
2010-06-18,26.195000,26.365000,26.129999,26.155001,18.739668,28405800
2010-06-21,26.410000,26.490000,26.135000,26.240000,18.800570,18346400
2010-06-22,26.230000,26.540001,26.215000,26.230000,18.793398,20805000
2010-06-23,26.280001,26.325001,26.004999,26.120001,18.714586,20718000
2010-06-24,26.055000,26.240000,25.834999,25.900000,18.556961,17401400
2010-06-25,25.895000,25.965000,25.129999,25.129999,18.005270,57969600
2010-06-28,25.365000,25.690001,25.305000,25.540001,18.299026,23525400
2010-06-29,25.290001,25.475000,25.049999,25.165001,18.030346,23502600
2010-06-30,25.190001,25.290001,25.004999,25.059999,17.955112,21933800
2010-07-01,25.150000,25.150000,24.735001,25.014999,17.922869,26030800
2010-07-02,25.110001,25.230000,24.924999,25.025000,17.930029,16270200
2010-07-06,25.295000,25.340000,25.010000,25.215000,18.066168,18338200
2010-07-07,25.270000,25.795000,25.150000,25.735001,18.438740,23480000
2010-07-08,25.840000,26.219999,25.780001,26.209999,18.779070,21562600
2010-07-09,26.180000,26.245001,26.035000,26.200001,18.771904,12948000
2010-07-12,26.080000,26.235001,25.975000,26.225000,18.789820,10770600
2010-07-13,26.370001,26.475000,26.299999,26.360001,18.886543,13706400
2010-07-14,26.280001,26.459999,26.209999,26.410000,18.922369,12392600
2010-07-15,26.360001,26.475000,26.160000,26.424999,18.933113,14970600
2010-07-16,26.385000,26.540001,26.105000,26.184999,18.761156,19563800
2010-07-19,26.270000,26.285000,26.025000,26.135000,18.725330,11367400
2010-07-20,25.985001,26.680000,25.959999,26.620001,19.072834,19539000
2010-07-21,26.750000,27.395000,26.639999,27.040001,19.373753,36364000
2010-07-22,27.004999,27.340000,26.985001,27.129999,19.438242,20692000
2010-07-23,27.100000,27.415001,26.980000,27.375000,19.613779,16177400
2010-07-26,27.415001,27.490000,27.350000,27.469999,19.681839,13305800
2010-07-27,27.455000,27.625000,27.410000,27.525000,19.721249,17905400
2010-07-28,27.525000,27.600000,27.385000,27.440001,19.660345,12954800
2010-07-29,27.540001,27.655001,27.330000,27.495001,19.699757,18292600
2010-07-30,27.355000,27.645000,27.215000,27.555000,19.742746,16672600
2010-08-02,27.910000,28.245001,27.825001,28.205000,20.208447,32091200
2010-08-03,28.135000,28.264999,28.030001,28.190001,20.197704,15427400
2010-08-04,28.260000,28.350000,28.105000,28.275000,20.258612,11974400
2010-08-05,28.205000,28.209999,27.900000,28.184999,20.194128,15099800
2010-08-06,28.049999,28.395000,27.825001,28.375000,20.330256,18090600
2010-08-09,28.184999,28.700001,28.180000,28.555000,20.459227,18731000
2010-08-10,28.320000,28.700001,28.260000,28.490000,20.412663,15376000
2010-08-11,28.120001,28.375000,27.990000,28.020000,20.075907,24302000
2010-08-12,27.764999,27.934999,27.674999,27.844999,19.950523,18782800
2010-08-13,27.820000,27.990000,27.684999,27.865000,19.964855,14906800
2010-08-16,27.754999,27.965000,27.559999,27.940001,20.018587,13958400
2010-08-17,28.010000,28.209999,27.750000,28.059999,20.104574,18060600
2010-08-18,28.055000,28.059999,27.805000,27.920000,20.004259,16616800
2010-08-19,27.865000,27.865000,27.485001,27.639999,19.803644,18781400
2010-08-20,27.459999,27.719999,27.459999,27.650000,19.810806,19263200
2010-08-23,27.754999,27.934999,27.705000,27.799999,19.918283,15240000
2010-08-24,27.575001,27.969999,27.575001,27.830000,19.939772,24366400
2010-08-25,27.709999,27.855000,27.530001,27.695000,19.843052,15853800
2010-08-26,27.715000,27.760000,27.485001,27.580000,19.760653,14817400
2010-08-27,27.719999,28.100000,27.514999,28.080000,20.118900,19665600
2010-08-30,28.100000,28.120001,27.754999,27.775000,19.900373,10220000
2010-08-31,27.600000,28.020000,27.500000,27.940001,20.018587,18567800
2010-09-01,28.190001,28.660000,28.135000,28.655001,20.530876,24166000
2010-09-02,28.709999,28.709999,28.430000,28.690001,20.555958,14701200
2010-09-03,28.680000,28.799999,28.545000,28.780001,20.620438,14865400
2010-09-07,28.760000,28.905001,28.700001,28.815001,20.645515,14392200
2010-09-08,28.865000,29.105000,28.850000,28.915001,20.717159,18378800
2010-09-09,29.115000,29.245001,28.905001,29.145000,20.881958,18106600
2010-09-10,29.139999,29.320000,29.000000,29.260000,20.964354,18445600
2010-09-13,29.240000,29.250000,28.875000,29.014999,20.946299,18019600
2010-09-14,28.924999,29.059999,28.775000,28.795000,20.787481,20985200
2010-09-15,28.684999,28.799999,28.610001,28.709999,20.726118,17402400
2010-09-16,28.700001,28.840000,28.625000,28.754999,20.758598,16574000
2010-09-17,28.825001,28.990000,28.705000,28.780001,20.776655,19971200
2010-09-20,28.809999,29.000000,28.775000,28.985001,20.924648,14062200
2010-09-21,28.905001,29.100000,28.825001,29.055000,20.975182,14754000
2010-09-22,29.075001,29.260000,29.049999,29.115000,21.018497,15176000
2010-09-23,29.010000,29.145000,28.860001,28.934999,20.888546,12696000
2010-09-24,29.160000,29.400000,29.115000,29.309999,21.159269,13812000
2010-09-27,29.375000,29.430000,29.275000,29.299999,21.152042,10544400
2010-09-28,29.295000,29.615000,29.180000,29.549999,21.332525,19884000
2010-09-29,29.500000,29.500000,29.209999,29.379999,21.209803,15742000
2010-09-30,29.430000,29.580000,29.125000,29.260000,21.123169,15849600
2010-10-01,29.520000,29.620001,29.260000,29.559999,21.339745,16454400
2010-10-04,29.465000,29.520000,29.275000,29.440001,21.253113,11523800
2010-10-05,29.575001,29.860001,29.504999,29.830000,21.534658,20063000
2010-10-06,29.815001,29.905001,29.680000,29.900000,21.585194,14123400
2010-10-07,29.834999,29.840000,29.600000,29.719999,21.455246,14960800
2010-10-08,29.740000,29.850000,29.530001,29.705000,21.444420,16189400
2010-10-11,29.780001,29.809999,29.665001,29.780001,21.498566,12997000
2010-10-12,29.670000,29.900000,29.670000,29.799999,21.513000,16164400
2010-10-13,29.860001,29.985001,29.830000,29.969999,21.635729,24011000
2010-10-14,29.969999,29.990000,29.840000,29.955000,21.624907,14491600
2010-10-15,29.980000,29.990000,29.870001,29.969999,21.635729,19697600
2010-10-18,29.905001,30.000000,29.900000,30.000000,21.657387,19661800
2010-10-19,29.980000,30.235001,29.915001,30.170000,21.780111,35052800
2010-10-20,30.184999,30.840000,30.184999,30.575001,22.072489,32398000
2010-10-21,30.504999,30.875000,30.504999,30.735001,22.188002,23266400
2010-10-22,30.745001,30.870001,30.715000,30.805000,22.238525,9534600
2010-10-25,30.645000,30.875000,30.495001,30.504999,22.021952,21228200
2010-10-26,30.395000,30.684999,30.385000,30.620001,22.104975,15502200
2010-10-27,30.510000,30.600000,30.150000,30.594999,22.086926,19029400
2010-10-28,30.639999,30.780001,30.440001,30.605000,22.094145,16533600
2010-10-29,30.575001,30.750000,30.514999,30.660000,22.133848,14239600
2010-11-01,30.684999,30.975000,30.605000,30.855000,22.274618,17996800
2010-11-02,30.900000,30.969999,30.889999,30.930000,22.328772,13196000
2010-11-03,30.915001,30.975000,30.639999,30.975000,22.361256,15687400
2010-11-04,30.969999,31.325001,30.940001,31.225000,22.541733,27487000
2010-11-05,31.209999,31.325001,31.000000,31.290001,22.588654,16013800
2010-11-08,31.250000,31.285000,31.150000,31.230000,22.545340,11142200
2010-11-09,31.245001,31.355000,31.174999,31.320000,22.610312,16637600
2010-11-10,31.280001,31.320000,31.150000,31.275000,22.577824,18013800
2010-11-11,31.245001,31.400000,31.180000,31.400000,22.668066,16253600
2010-11-12,31.360001,31.480000,31.195000,31.459999,22.711370,20022800
2010-11-15,31.445000,31.665001,31.410000,31.480000,22.725813,22949400
2010-11-16,31.455000,31.490000,30.910000,31.040001,22.408175,23609000
2010-11-17,31.070000,31.360001,31.049999,31.260000,22.566996,16749200
2010-11-18,31.440001,31.975000,31.424999,31.920000,23.043459,41436000
2010-11-19,31.799999,32.165001,31.775000,32.160000,23.216713,40774800
2010-11-22,32.029999,32.154999,31.790001,32.134998,23.198668,33680600
2010-11-23,31.965000,32.000000,31.639999,31.809999,22.964046,17662200
2010-11-24,31.920000,32.314999,31.910000,32.305000,23.321394,16093000
2010-11-26,32.060001,32.185001,32.000000,32.055000,23.140917,9016800
2010-11-29,31.775000,31.825001,31.434999,31.695000,23.039152,22397800
2010-11-30,31.475000,31.790001,31.459999,31.584999,22.959187,23550600
2010-12-01,31.969999,32.400002,31.915001,32.349998,23.515268,20951600
2010-12-02,32.325001,32.480000,32.255001,32.450001,23.587965,22773600
2010-12-03,32.400002,32.470001,32.240002,32.250000,23.442574,20677800
2010-12-06,32.185001,32.244999,31.995001,31.995001,23.257225,22221600
2010-12-07,32.195000,32.285000,32.060001,32.070000,23.311737,19714600
2010-12-08,32.035000,32.220001,32.035000,32.195000,23.402596,18226600
2010-12-09,32.305000,32.455002,32.279999,32.415001,23.562519,19622400
2010-12-10,32.435001,32.450001,32.139999,32.325001,23.497099,17909400
2010-12-13,32.195000,32.485001,32.150002,32.424999,23.569790,18748400
2010-12-14,32.415001,32.439999,31.850000,31.950001,23.224504,27936800
2010-12-15,31.950001,32.474998,31.875000,32.369999,23.529808,26126600
2010-12-16,32.424999,32.715000,32.345001,32.669998,23.747875,28817200
2010-12-17,32.509998,32.875000,32.424999,32.849998,23.878719,29294200
2010-12-20,32.730000,32.869999,32.595001,32.654999,23.736973,18271400
2010-12-21,32.674999,32.799999,32.580002,32.744999,23.802401,18720200
2010-12-22,32.705002,32.794998,32.514999,32.794998,23.838741,15419800
2010-12-23,32.759998,32.939999,32.735001,32.790001,23.835112,13063600
2010-12-27,32.775002,32.775002,32.529999,32.535000,23.649742,9923800
2010-12-28,32.560001,32.715000,32.529999,32.680000,23.755150,9861600
2010-12-29,32.695000,32.830002,32.674999,32.724998,23.787851,8747200
2010-12-30,32.715000,32.799999,32.680000,32.750000,23.806036,9285800
2010-12-31,32.680000,32.900002,32.680000,32.884998,23.904160,10773400
2011-01-03,32.939999,32.939999,32.555000,32.610001,23.704266,18945600
2011-01-04,32.509998,32.595001,31.905001,31.934999,23.213602,27940400
2011-01-05,31.895000,31.975000,31.430000,31.745001,23.075495,34379000
2011-01-06,31.809999,31.830000,31.415001,31.514999,22.908306,21712400
2011-01-07,31.389999,31.500000,31.280001,31.459999,22.868328,16592800
2011-01-10,31.350000,31.600000,31.280001,31.530001,22.919210,14904600
2011-01-11,31.670000,31.709999,31.334999,31.344999,22.784740,15504000
2011-01-12,31.605000,31.680000,31.350000,31.520000,22.911943,14223200
2011-01-13,31.625000,31.930000,31.565001,31.700001,23.042782,17947600
2011-01-14,31.684999,31.684999,31.490000,31.565001,22.944651,12631400
2011-01-18,31.605000,31.870001,31.584999,31.740000,23.071857,16344000
2011-01-19,31.840000,31.959999,31.594999,31.709999,23.050049,18326800
2011-01-20,31.809999,31.940001,31.375000,31.465000,22.871962,20580000
2011-01-21,31.590000,31.600000,31.360001,31.385000,22.813812,16708200
2011-01-24,31.434999,31.635000,31.340000,31.625000,22.988264,15062800
2011-01-25,31.610001,31.655001,31.270000,31.480000,22.882866,18195800
2011-01-26,31.584999,31.645000,31.430000,31.480000,22.882866,13657000
2011-01-27,31.594999,31.605000,31.320000,31.350000,22.788366,13520400
2011-01-28,31.424999,31.639999,31.070000,31.105000,22.610279,23842400
2011-01-31,31.160000,31.424999,30.945000,31.424999,22.842886,15717800
2011-02-01,31.440001,31.660000,31.424999,31.525000,22.915579,16028000
2011-02-02,31.575001,31.740000,31.280001,31.430000,22.846519,15595200
2011-02-03,31.350000,31.490000,31.065001,31.285000,22.741119,12997400
2011-02-04,31.325001,31.430000,31.180000,31.280001,22.737490,9374600
2011-02-07,31.334999,31.334999,31.160000,31.260000,22.722950,12012800
2011-02-08,31.215000,31.459999,31.170000,31.434999,22.850159,13056800
2011-02-09,32.049999,32.375000,31.434999,31.575001,22.951920,29979600
2011-02-10,31.580000,31.770000,31.410000,31.770000,23.093666,18352400
2011-02-11,31.615000,31.830000,31.559999,31.785000,23.104565,19098000
2011-02-14,31.834999,31.875000,31.500000,31.570000,22.948280,12122600
2011-02-15,31.455000,31.610001,31.275000,31.594999,22.966455,16289200
2011-02-16,31.540001,31.745001,31.440001,31.700001,23.042782,12992800
2011-02-17,31.690001,32.360001,31.635000,32.275002,23.460756,18450600
2011-02-18,32.299999,32.325001,32.060001,32.275002,23.460756,24652400
2011-02-22,31.680000,32.134998,31.665001,31.879999,23.173620,17950200
2011-02-23,31.889999,32.169998,31.850000,31.955000,23.228144,18192200
2011-02-24,32.099998,32.185001,31.855000,31.940001,23.217239,17057000
2011-02-25,31.885000,32.200001,31.855000,32.154999,23.373524,11435400
2011-02-28,32.084999,32.240002,31.930000,31.959999,23.231779,19370000
2011-03-01,32.139999,32.625000,32.099998,32.455002,23.591597,31084000
2011-03-02,32.294998,32.410000,32.064999,32.215000,23.417135,20776000
2011-03-03,32.395000,32.939999,32.389999,32.785000,23.831470,29005800
2011-03-04,32.695000,32.775002,32.384998,32.605000,23.700628,23050800
2011-03-07,32.660000,32.869999,32.240002,32.610001,23.704266,23630000
2011-03-08,32.700001,32.919998,32.610001,32.820000,23.856913,20717600
2011-03-09,32.764999,32.840000,32.630001,32.810001,23.849642,14819200
2011-03-10,32.625000,32.770000,32.485001,32.645000,23.729706,17761800
2011-03-11,32.459999,32.555000,32.235001,32.404999,23.726042,12006400
2011-03-14,32.169998,32.305000,31.764999,31.969999,23.407547,17802600
2011-03-15,31.475000,31.635000,31.174999,31.514999,23.074409,25421200
2011-03-16,31.344999,31.434999,30.645000,30.799999,22.550909,31957200
2011-03-17,31.215000,31.395000,30.955000,31.139999,22.799847,20128800
2011-03-18,31.485001,31.650000,31.225000,31.350000,22.953600,23653000
2011-03-21,31.565001,31.930000,31.525000,31.785000,23.272093,12545600
2011-03-22,31.840000,31.885000,31.625000,31.754999,23.250130,8418800
2011-03-23,31.645000,32.264999,31.625000,32.134998,23.528360,12962600
2011-03-24,32.290001,32.535000,32.279999,32.345001,23.682114,13312800
2011-03-25,32.435001,32.695000,32.410000,32.610001,23.876141,12419400
2011-03-28,32.599998,32.744999,32.514999,32.514999,23.806583,11600200
2011-03-29,32.599998,32.865002,32.540001,32.860001,24.059179,11569600
2011-03-30,32.860001,33.244999,32.805000,33.020000,24.176329,18826200
2011-03-31,32.980000,33.424999,32.980000,33.169998,24.286152,17723000
2011-04-01,33.445000,33.740002,33.299999,33.610001,24.608313,18720200
2011-04-04,33.610001,33.895000,33.580002,33.830002,24.769392,13485600
2011-04-05,33.750000,33.884998,33.654999,33.735001,24.699833,12470200
2011-04-06,33.775002,33.910000,33.605000,33.814999,24.758406,14099800
2011-04-07,33.715000,33.875000,33.470001,33.720001,24.688850,12734600
2011-04-08,33.695000,33.820000,33.430000,33.634998,24.626614,11201800
2011-04-11,33.630001,33.919998,33.400002,33.700001,24.674212,14664000
2011-04-12,33.490002,33.564999,33.205002,33.450001,24.491167,16587400
2011-04-13,33.615002,33.735001,33.485001,33.639999,24.630274,8497400
2011-04-14,33.669998,34.235001,33.544998,34.154999,25.007347,23879600
2011-04-15,34.165001,34.174999,33.935001,34.005001,24.897520,17532200
2011-04-18,33.785000,33.825001,33.320000,33.654999,24.641264,16104600
2011-04-19,33.605000,33.750000,33.474998,33.544998,24.560713,10701800
2011-04-20,33.945000,34.025002,33.805000,33.924999,24.838949,12817800
2011-04-21,33.945000,34.084999,33.735001,33.939999,24.849926,10948800
2011-04-25,33.974998,33.990002,33.660000,33.869999,24.798677,10709200
2011-04-26,33.320000,33.514999,32.904999,33.465000,24.502142,32800000
2011-04-27,33.685001,33.709999,33.279999,33.500000,24.527769,16872600
2011-04-28,33.470001,33.724998,33.330002,33.705002,24.677866,14084400
2011-04-29,33.779999,33.884998,33.634998,33.730000,24.696171,14824200
2011-05-02,33.880001,33.930000,33.785000,33.860001,24.791359,12514200
2011-05-03,33.860001,33.950001,33.785000,33.939999,24.849926,10542400
2011-05-04,33.930000,33.965000,33.599998,33.730000,24.696171,13529000
2011-05-05,33.849998,33.869999,33.200001,33.349998,24.417944,14206200
2011-05-06,33.720001,33.790001,33.365002,33.450001,24.491167,17042600
2011-05-09,33.430000,33.639999,33.415001,33.474998,24.509466,8884200
2011-05-10,33.500000,33.730000,33.490002,33.669998,24.652245,11111800
2011-05-11,33.645000,33.834999,33.450001,33.660000,24.644922,11215400
2011-05-12,33.680000,34.215000,33.584999,34.154999,25.007347,17097400
2011-05-13,34.134998,34.384998,34.009998,34.090000,24.959764,16011000
2011-05-16,34.049999,34.115002,33.860001,33.915001,24.831627,12364600
2011-05-17,33.865002,34.090000,33.750000,33.994999,24.890202,13276400
2011-05-18,34.000000,34.174999,33.825001,34.150002,25.003685,13418000
2011-05-19,34.205002,34.349998,34.005001,34.230000,25.062260,12960200
2011-05-20,34.160000,34.259998,33.945000,34.150002,25.003685,12970600
2011-05-23,33.794998,33.950001,33.590000,33.744999,24.707155,13230200
2011-05-24,33.830002,33.889999,33.605000,33.735001,24.699833,10881000
2011-05-25,33.639999,33.750000,33.410000,33.455002,24.494829,13132000
2011-05-26,33.369999,33.455002,33.150002,33.349998,24.417944,14872400
2011-05-27,33.435001,33.575001,33.240002,33.255001,24.348396,9097400
2011-05-31,33.470001,33.619999,33.320000,33.404999,24.458220,20294000
2011-06-01,33.299999,33.590000,33.299999,33.380001,24.439913,14883000
2011-06-02,33.325001,33.380001,32.810001,33.020000,24.176329,14264200
2011-06-03,32.634998,32.915001,32.605000,32.764999,23.989626,12937800
2011-06-06,32.755001,32.884998,32.680000,32.709999,23.949356,10445400
2011-06-07,32.759998,32.855000,32.590000,32.599998,23.868814,11522000
2011-06-08,32.615002,32.764999,32.535000,32.700001,23.942036,11753000
2011-06-09,32.720001,33.160000,32.634998,32.945000,24.121420,13112000
2011-06-10,32.840000,32.910000,32.619999,32.695000,23.938372,14003200
2011-06-13,32.549999,32.625000,32.395000,32.560001,24.012123,19081600
2011-06-14,32.700001,32.919998,32.650002,32.805000,24.192808,14045000
2011-06-15,32.705002,32.750000,32.320000,32.485001,23.956808,16378400
2011-06-16,32.485001,32.880001,32.400002,32.744999,24.148550,15538800
2011-06-17,32.939999,33.115002,32.810001,32.810001,24.196486,21317400
2011-06-20,32.685001,33.070000,32.685001,32.915001,24.273930,11091800
2011-06-21,33.055000,33.145000,32.884998,33.130001,24.432480,14265000
2011-06-22,33.145000,33.410000,33.055000,33.200001,24.484110,15701200
2011-06-23,32.965000,32.985001,32.215000,32.490002,23.960497,26467800
2011-06-24,32.535000,32.689999,32.360001,32.465000,23.942059,32073800
2011-06-27,32.424999,32.730000,32.424999,32.605000,24.045301,14777600
2011-06-28,32.759998,33.049999,32.674999,33.014999,24.347670,12932400
2011-06-29,33.095001,33.415001,33.090000,33.355000,24.598410,17035400
2011-06-30,33.490002,33.744999,33.410000,33.645000,24.812279,15594600
2011-07-01,33.509998,34.044998,33.509998,34.044998,25.107271,16487000
2011-07-05,34.040001,34.395000,34.040001,34.150002,25.184710,14801200
2011-07-06,34.154999,34.375000,34.145000,34.264999,25.269512,11486000
2011-07-07,34.410000,34.445000,34.290001,34.375000,25.350639,12423400
2011-07-08,34.174999,34.340000,34.060001,34.340000,25.324823,12671600
2011-07-11,33.875000,34.139999,33.855000,34.049999,25.110950,14152400
2011-07-12,33.985001,34.220001,33.865002,33.924999,25.018778,13343400
2011-07-13,34.084999,34.215000,33.884998,34.029999,25.096212,14688000
2011-07-14,33.985001,34.165001,33.685001,33.834999,24.952398,15011200
2011-07-15,33.924999,33.935001,33.639999,33.764999,24.900784,17491600
2011-07-18,33.630001,33.715000,33.294998,33.560001,24.749599,14792000
2011-07-19,33.849998,34.889999,33.764999,34.660000,25.560812,37415400
2011-07-20,34.625000,34.669998,34.400002,34.435001,25.394882,15833800
2011-07-21,34.410000,34.810001,34.250000,34.669998,25.568190,22086600
2011-07-22,34.775002,34.910000,34.740002,34.865002,25.712000,13323200
2011-07-25,34.560001,34.779999,34.505001,34.630001,25.538691,13154800
2011-07-26,34.674999,34.730000,34.544998,34.595001,25.512888,11830600
2011-07-27,34.384998,34.625000,34.270000,34.345001,25.328518,18677600
2011-07-28,34.325001,34.639999,34.310001,34.404999,25.372755,15270200
2011-07-29,34.180000,34.424999,33.950001,34.005001,25.077770,20545600
2011-08-01,34.250000,34.255001,33.560001,33.865002,24.974525,17654200
2011-08-02,33.700001,33.805000,33.535000,33.535000,24.731159,18127600
2011-08-03,33.500000,34.279999,33.474998,34.200001,25.221582,28086000
2011-08-04,33.884998,34.064999,32.869999,32.910000,24.270231,32324800
2011-08-05,33.134998,33.630001,32.520000,33.384998,24.620539,43916600
2011-08-08,33.090000,33.605000,32.474998,32.560001,24.012123,50096800
2011-08-09,32.910000,33.435001,31.795000,33.340000,24.587355,43128400
2011-08-10,33.119999,33.250000,31.850000,31.980000,23.584387,38237200
2011-08-11,32.000000,33.654999,31.955000,33.235001,24.509920,38406600
2011-08-12,33.380001,33.875000,33.200001,33.570000,24.756971,20310400
2011-08-15,33.735001,34.209999,33.630001,34.099998,25.147825,23081600
2011-08-16,33.845001,34.240002,33.785000,34.084999,25.136768,21413800
2011-08-17,34.230000,34.674999,34.080002,34.639999,25.546066,23176000
2011-08-18,34.125000,34.470001,33.529999,33.880001,24.985588,39569000
2011-08-19,33.764999,34.139999,33.430000,33.549999,24.742224,30478200
2011-08-22,34.005001,34.029999,33.584999,33.634998,24.804903,19652800
2011-08-23,33.735001,34.529999,33.660000,34.529999,25.464945,23951200
2011-08-24,34.415001,34.855000,34.275002,34.840000,25.693563,19475400
2011-08-25,34.799999,34.799999,33.880001,33.985001,25.063026,25320000
2011-08-26,33.965000,34.384998,33.349998,34.250000,25.258455,19849600
2011-08-29,34.480000,34.924999,34.435001,34.865002,25.712000,17660600
2011-08-30,34.889999,35.139999,34.759998,34.930000,25.759937,31678000
2011-08-31,34.935001,35.384998,34.830002,35.224998,25.977491,22322800
2011-09-01,35.044998,35.549999,34.889999,35.224998,25.977491,23530000
2011-09-02,34.860001,34.994999,34.750000,34.869999,25.715679,17530000
2011-09-06,33.715000,34.770000,33.695000,34.715000,25.601377,25784600
2011-09-07,35.005001,35.424999,34.955002,35.400002,26.106541,21287400
2011-09-08,35.330002,35.884998,35.275002,35.584999,26.242979,24867600
2011-09-09,35.305000,35.325001,34.365002,34.685001,25.579247,32891200
2011-09-12,34.224998,34.770000,34.099998,34.689999,25.582935,29144200
2011-09-13,34.480000,34.665001,34.290001,34.549999,25.653471,21421800
2011-09-14,34.669998,35.250000,34.270000,34.884998,25.902224,22250000
2011-09-15,34.955002,35.509998,34.924999,35.509998,26.366278,21186000
2011-09-16,35.689999,35.840000,35.509998,35.615002,26.444248,34620600
2011-09-19,35.035000,35.345001,34.974998,35.244999,26.169514,28571200
2011-09-20,35.395000,35.740002,35.259998,35.325001,26.228928,18313400
2011-09-21,35.424999,35.535000,34.634998,34.639999,25.720303,23531000
2011-09-22,33.685001,34.075001,33.310001,33.910000,25.178280,36341000
2011-09-23,33.680000,33.855000,33.435001,33.709999,25.029778,24284400
2011-09-26,34.005001,34.445000,33.830002,34.380001,25.527250,24008200
2011-09-27,35.060001,35.205002,34.639999,34.785000,25.827967,22249200
2011-09-28,34.910000,35.080002,33.945000,34.029999,25.267382,19032600
2011-09-29,34.455002,34.820000,34.095001,34.525002,25.634918,21372600
2011-09-30,34.224998,34.549999,33.779999,33.779999,25.081753,25026200
2011-10-03,33.294998,33.459999,32.560001,32.709999,24.287273,38471200
2011-10-04,32.419998,32.715000,31.670000,32.615002,24.216736,30800000
2011-10-05,32.735001,32.799999,32.275002,32.764999,24.328110,23037800
2011-10-06,32.985001,33.000000,32.224998,32.695000,24.276138,25205400
2011-10-07,33.255001,33.255001,32.695000,32.950001,24.465477,18857800
2011-10-10,33.279999,33.465000,33.005001,33.450001,24.836721,12354400
2011-10-11,33.365002,33.599998,33.294998,33.400002,24.799603,11161000
2011-10-12,33.625000,33.985001,33.395000,33.740002,25.052053,17549600
2011-10-13,33.654999,33.790001,33.445000,33.700001,25.022356,12909400
2011-10-14,34.099998,34.099998,33.674999,33.924999,25.189419,13503000
2011-10-17,33.910000,33.924999,33.410000,33.500000,24.873848,20232800
2011-10-18,33.619999,33.744999,33.200001,33.369999,24.777325,23650600
2011-10-19,33.494999,33.910000,33.435001,33.514999,24.884985,15389400
2011-10-20,33.744999,33.790001,33.285000,33.560001,24.918404,13323600
2011-10-21,33.970001,34.160000,33.730000,34.095001,25.315643,23146600
2011-10-24,34.200001,34.325001,33.805000,33.935001,25.196842,13609200
2011-10-25,33.955002,33.965000,33.400002,33.474998,24.855288,14228200
2011-10-26,33.645000,33.770000,33.205002,33.735001,25.048340,16041200
2011-10-27,34.465000,34.544998,34.049999,34.285000,25.456713,26704600
2011-10-28,34.259998,34.490002,34.195000,34.465000,25.590366,17307400
2011-10-31,34.325001,34.525002,34.145000,34.160000,25.363903,18998600
2011-11-01,33.564999,33.750000,33.389999,33.520000,24.888700,23682800
2011-11-02,33.709999,34.029999,33.674999,33.884998,25.159714,14538600
2011-11-03,34.049999,34.410000,34.005001,34.325001,25.486414,17363400
2011-11-04,33.980000,34.075001,33.645000,33.889999,25.163429,15177200
2011-11-07,33.830002,34.134998,33.639999,34.105000,25.323061,12513800
2011-11-08,34.145000,34.360001,33.900002,34.325001,25.486414,12063600
2011-11-09,33.924999,33.994999,33.430000,33.514999,24.884985,18243400
2011-11-10,33.805000,33.875000,33.455002,33.695000,25.018641,16201600
2011-11-11,33.985001,34.305000,33.974998,34.060001,25.289650,12882400
2011-11-14,33.895000,33.985001,33.709999,33.895000,25.167139,9428600
2011-11-15,33.889999,34.224998,33.740002,34.000000,25.245104,12217600
2011-11-16,33.834999,33.900002,33.455002,33.505001,24.877565,17781400
2011-11-17,33.470001,33.695000,33.049999,33.310001,24.732777,17467200
2011-11-18,33.605000,33.855000,33.450001,33.695000,25.018641,18688400
2011-11-21,33.345001,33.439999,32.695000,32.974998,24.484030,18588200
2011-11-22,32.805000,33.180000,32.770000,32.985001,24.491463,11787600
2011-11-23,32.730000,32.750000,32.400002,32.435001,24.083088,14089600
2011-11-25,32.575001,32.680000,32.369999,32.369999,24.034819,7572600
2011-11-28,32.630001,32.875000,32.375000,32.584999,24.194454,21318200
2011-11-29,32.584999,33.250000,32.505001,33.095001,24.751640,21656200
2011-11-30,33.669998,33.980000,33.360001,33.615002,25.140549,25300400
2011-12-01,33.500000,33.790001,33.340000,33.415001,24.990971,15429000
2011-12-02,33.730000,33.775002,33.084999,33.189999,24.822689,21170400
2011-12-05,33.470001,33.595001,32.939999,33.154999,24.796516,17955200
2011-12-06,33.244999,33.509998,33.070000,33.340000,24.934883,16730800
2011-12-07,33.275002,33.535000,33.099998,33.389999,24.972271,16832800
2011-12-08,33.349998,33.619999,33.279999,33.365002,24.953573,16118200
2011-12-09,33.555000,33.875000,33.459999,33.785000,25.267694,18298200
2011-12-12,33.630001,33.750000,33.160000,33.445000,25.013405,13380200
2011-12-13,33.544998,33.634998,33.145000,33.240002,24.860090,14276200
2011-12-14,33.125000,33.455002,33.035000,33.130001,24.777822,15762200
2011-12-15,33.455002,33.695000,33.395000,33.445000,25.013405,13474600
2011-12-16,33.735001,33.860001,33.630001,33.720001,25.219076,23957200
2011-12-19,33.730000,33.935001,33.610001,33.685001,25.192905,11762000
2011-12-20,33.939999,34.320000,33.915001,34.200001,25.578072,15931000
2011-12-21,34.259998,34.900002,34.160000,34.785000,26.015583,18730400
2011-12-22,34.669998,34.799999,34.445000,34.595001,25.873497,15586800
2011-12-23,34.615002,34.985001,34.605000,34.970001,26.153944,9255200
2011-12-27,34.904999,35.099998,34.904999,34.939999,26.131512,10099800
2011-12-28,34.910000,35.025002,34.700001,34.755001,25.993155,8210000
2011-12-29,34.799999,35.095001,34.755001,35.080002,26.236216,8734000
2011-12-30,35.000000,35.145000,34.985001,34.985001,26.165171,7862000
2012-01-03,35.075001,35.355000,35.049999,35.070000,26.228743,15639600
2012-01-04,34.955002,35.035000,34.750000,34.849998,26.064209,14239200
2012-01-05,34.880001,34.935001,34.674999,34.685001,25.940800,14287600
2012-01-06,34.735001,34.814999,34.310001,34.465000,25.776264,13646600
2012-01-09,34.500000,34.584999,34.400002,34.465000,25.776264,10522600
2012-01-10,34.735001,34.759998,34.555000,34.669998,25.929579,12964400
2012-01-11,34.185001,34.384998,33.775002,34.029999,25.450930,23428800
2012-01-12,34.209999,34.250000,33.674999,33.785000,25.267694,15237000
2012-01-13,33.669998,33.715000,33.285000,33.494999,25.050795,19991800
2012-01-17,33.869999,33.939999,33.660000,33.674999,25.185419,15577000
2012-01-18,33.730000,33.910000,33.590000,33.794998,25.275171,13282200
2012-01-19,33.825001,33.869999,33.630001,33.724998,25.222815,13544800
2012-01-20,33.770000,34.060001,33.700001,34.044998,25.462145,19158600
2012-01-23,34.000000,34.310001,33.955002,34.264999,25.626678,13803200
2012-01-24,34.080002,34.250000,33.855000,33.950001,25.391098,14751200
2012-01-25,33.955002,34.250000,33.770000,34.215000,25.589293,14476000
2012-01-26,34.310001,34.310001,33.880001,34.005001,25.432228,14721000
2012-01-27,33.955002,34.070000,33.615002,33.720001,25.219076,16825000
2012-01-30,33.645000,33.785000,33.514999,33.730000,25.226561,10591600
2012-01-31,33.990002,33.990002,33.590000,33.764999,25.252735,13543400
2012-02-01,33.939999,34.169998,33.900002,33.924999,25.372402,14915000
2012-02-02,34.035000,34.119999,33.875000,33.915001,25.364923,13150000
2012-02-03,34.130001,34.244999,33.919998,34.040001,25.458406,16555800
2012-02-06,33.919998,34.115002,33.849998,34.014999,25.439707,14586400
2012-02-07,34.044998,34.724998,33.814999,34.275002,25.634172,24269600
2012-02-08,34.419998,34.424999,34.099998,34.165001,25.551899,16428400
2012-02-09,34.180000,34.195000,33.884998,33.985001,25.417273,16311400
2012-02-10,33.764999,33.970001,33.709999,33.970001,25.406054,10994600
2012-02-13,34.209999,34.299999,34.044998,34.220001,25.593027,11091000
2012-02-14,34.235001,34.465000,34.049999,34.450001,25.765041,12596000
2012-02-15,34.615002,34.625000,34.115002,34.200001,25.578072,14776800
2012-02-16,34.305000,34.494999,34.209999,34.430000,25.750086,11752000
2012-02-17,34.535000,34.584999,34.299999,34.525002,25.821138,14841800
2012-02-21,34.439999,34.525002,34.250000,34.410000,25.735117,13424800
2012-02-22,34.299999,34.669998,34.299999,34.625000,25.895926,13766400
2012-02-23,34.544998,34.650002,34.459999,34.590000,25.869747,11120000
2012-02-24,34.674999,34.750000,34.415001,34.500000,25.802439,12485400
2012-02-27,34.345001,34.500000,34.259998,34.415001,25.738878,12086200
2012-02-28,34.474998,34.549999,34.400002,34.424999,25.746347,9049000
2012-02-29,34.450001,34.990002,34.450001,34.930000,26.124041,23464400
2012-03-01,34.935001,34.980000,34.695000,34.799999,26.026804,15294200
2012-03-02,34.705002,34.799999,34.485001,34.590000,25.869747,11995800
2012-03-05,34.509998,34.669998,34.500000,34.615002,25.888441,10338600
2012-03-06,34.410000,34.544998,34.320000,34.380001,25.712692,13161200
2012-03-07,34.375000,34.470001,34.250000,34.395000,25.723904,10933800
2012-03-08,34.590000,34.750000,34.549999,34.634998,25.903404,33754800
2012-03-09,34.715000,34.869999,34.654999,34.755001,25.993155,36742600
2012-03-12,34.740002,35.169998,34.669998,35.075001,26.232483,18143600
2012-03-13,34.755001,35.145000,34.755001,35.125000,26.462255,18068000
2012-03-14,35.130001,35.310001,35.049999,35.110001,26.450953,12918000
2012-03-15,35.134998,35.169998,34.889999,35.165001,26.492393,17991400
2012-03-16,35.189999,35.230000,34.939999,35.080002,26.428356,22898800
2012-03-19,35.105000,35.264999,35.000000,35.200001,26.518759,10652400
2012-03-20,35.014999,35.384998,34.965000,35.294998,26.590330,10180400
2012-03-21,35.240002,35.700001,35.174999,35.560001,26.789978,19870800
2012-03-22,35.505001,35.790001,35.470001,35.709999,26.902977,14252800
2012-03-23,35.700001,35.799999,35.645000,35.744999,26.929350,16206600
2012-03-26,35.869999,35.950001,35.794998,35.950001,27.083786,11536400
2012-03-27,35.910000,35.990002,35.825001,35.935001,27.072496,11430400
2012-03-28,35.980000,36.410000,35.950001,36.330002,27.370077,26260600
2012-03-29,36.174999,37.195000,36.134998,36.904999,27.803259,41063600
2012-03-30,36.810001,37.070000,36.654999,37.005001,27.878605,26555800
2012-04-02,36.915001,37.099998,36.820000,37.070000,27.927572,14579000
2012-04-03,36.834999,37.040001,36.730000,36.880001,27.784430,12989200
2012-04-04,36.645000,36.799999,36.605000,36.730000,27.671427,12487400
2012-04-05,36.639999,36.759998,36.535000,36.735001,27.675194,11531400
2012-04-09,36.480000,36.555000,36.369999,36.435001,27.449177,9806800
2012-04-10,36.290001,36.310001,35.974998,36.009998,27.129000,17290600
2012-04-11,36.215000,36.235001,35.919998,36.060001,27.166664,12026600
2012-04-12,36.075001,36.130001,35.910000,36.110001,27.204336,10640600
2012-04-13,36.110001,36.299999,35.970001,35.970001,27.098864,10525600
2012-04-16,36.110001,36.395000,36.070000,36.220001,27.287205,14147600
2012-04-17,36.590000,37.240002,36.590000,36.974998,27.856005,22614400
2012-04-18,36.910000,37.174999,36.865002,37.084999,27.938871,11779800
2012-04-19,37.145000,37.169998,36.709999,36.910000,27.807032,10731200
2012-04-20,36.980000,37.174999,36.869999,37.064999,27.923800,13461000
2012-04-23,36.990002,37.035000,36.665001,36.845001,27.758057,10472200
2012-04-24,36.959999,37.174999,36.855000,37.060001,27.920046,10288000
2012-04-25,37.270000,37.525002,37.154999,37.465000,28.225153,18596000
2012-04-26,37.474998,37.985001,37.410000,37.855000,28.518980,16782000
2012-04-27,37.980000,38.910000,37.959999,38.314999,28.865520,25103000
2012-04-30,38.209999,38.450001,37.965000,38.160000,28.748745,26517600
2012-05-01,38.270000,38.500000,38.139999,38.465000,28.978521,13841000
2012-05-02,38.369999,38.625000,38.320000,38.580002,29.065165,16558600
2012-05-03,38.680000,38.820000,38.599998,38.720001,29.170637,15612000
2012-05-04,38.654999,38.799999,38.480000,38.500000,29.004902,13160800
2012-05-07,38.485001,38.724998,38.424999,38.639999,29.110373,8965400
2012-05-08,38.505001,38.639999,38.310001,38.570000,29.057636,10561600
2012-05-09,38.294998,38.595001,38.244999,38.389999,28.922026,14070800
2012-05-10,38.605000,38.849998,38.599998,38.705002,29.159342,12659200
2012-05-11,38.599998,38.869999,38.599998,38.735001,29.181932,10604000
2012-05-14,38.560001,38.625000,38.310001,38.435001,28.955915,15411800
2012-05-15,38.279999,38.575001,38.130001,38.285000,28.842918,16397800
2012-05-16,38.330002,38.419998,37.959999,38.165001,28.752518,17804400
2012-05-17,38.084999,38.150002,37.494999,37.560001,28.296730,22310800
2012-05-18,37.625000,37.645000,36.735001,37.025002,27.893665,31913000
2012-05-21,37.105000,37.299999,37.064999,37.255001,28.066948,13488800
2012-05-22,37.290001,37.290001,36.955002,37.095001,27.946402,15260600
2012-05-23,37.000000,37.285000,36.910000,37.275002,28.082012,18000000
2012-05-24,37.395000,37.924999,37.299999,37.779999,28.462465,20204600
2012-05-25,37.810001,37.845001,37.505001,37.615002,28.338161,8999600
2012-05-29,37.865002,37.865002,37.529999,37.730000,28.424807,10533800
2012-05-30,37.535000,37.625000,37.410000,37.529999,28.274122,13884600
2012-05-31,37.480000,37.610001,37.330002,37.365002,28.149815,15147600
2012-06-01,36.994999,37.224998,36.505001,36.544998,27.532042,20843400
2012-06-04,36.514999,36.869999,36.279999,36.820000,27.739231,13397200
2012-06-05,36.665001,36.820000,36.525002,36.619999,27.588551,12275200
2012-06-06,36.695000,37.305000,36.650002,37.305000,28.104616,12496400
2012-06-07,37.494999,37.529999,37.099998,37.139999,27.980307,14342800
2012-06-08,37.080002,37.685001,37.075001,37.619999,28.341927,11594200
2012-06-11,37.860001,37.889999,37.310001,37.330002,28.123446,10657200
2012-06-12,37.490002,37.625000,37.169998,37.599998,28.326857,11911200
2012-06-13,37.305000,37.564999,37.235001,37.345001,28.326864,9376200
2012-06-14,37.395000,38.000000,37.349998,37.869999,28.725088,13945400
2012-06-15,38.060001,38.099998,37.709999,38.044998,28.857817,19748800
2012-06-18,37.980000,38.209999,37.884998,37.990002,28.816101,10457200
2012-06-19,38.125000,38.125000,37.830002,37.869999,28.725088,11115400
2012-06-20,37.845001,37.869999,37.419998,37.779999,28.656805,14706800
2012-06-21,37.895000,37.994999,37.310001,37.334999,28.319275,12804000
2012-06-22,37.474998,37.650002,37.430000,37.470001,28.421675,15252800
2012-06-25,37.230000,37.419998,37.084999,37.384998,28.357199,9734200
2012-06-26,37.494999,37.680000,37.099998,37.540001,28.474766,11859400
2012-06-27,37.619999,38.240002,37.619999,38.169998,28.952637,13644400
2012-06-28,38.049999,38.334999,37.845001,38.285000,29.039873,10891200
2012-06-29,38.564999,39.095001,38.540001,39.095001,29.654270,18519800
2012-07-02,39.049999,39.500000,39.005001,39.459999,29.931129,13350200
2012-07-03,39.445000,39.680000,39.355000,39.580002,30.022148,7335000
2012-07-05,39.509998,39.570000,39.099998,39.224998,29.752872,10546400
2012-07-06,39.009998,39.145000,38.919998,39.075001,29.639097,10036000
2012-07-09,39.029999,39.105000,38.855000,38.990002,29.574621,8615600
2012-07-10,39.264999,39.270000,38.910000,38.990002,29.574621,11583400
2012-07-11,38.950001,38.974998,38.575001,38.730000,29.377403,13645600
2012-07-12,38.514999,38.634998,38.259998,38.320000,29.066416,19104000
2012-07-13,38.314999,38.794998,38.169998,38.639999,29.309141,13307400
2012-07-16,38.549999,38.700001,38.099998,38.240002,29.005743,17575600
2012-07-17,39.029999,39.330002,38.380001,38.845001,29.464638,21209600
2012-07-18,38.820000,38.840000,38.410000,38.720001,29.369818,13852000
2012-07-19,38.759998,38.799999,38.250000,38.775002,29.411535,18050400
2012-07-20,38.634998,38.674999,38.395000,38.514999,29.214331,16436000
2012-07-23,38.275002,38.500000,38.185001,38.439999,29.157436,10655800
2012-07-24,38.450001,38.474998,38.049999,38.330002,29.073997,10445800
2012-07-25,38.474998,38.610001,38.365002,38.509998,29.210526,9020400
2012-07-26,38.849998,39.455002,38.849998,39.424999,29.904575,14144600
2012-07-27,39.525002,40.119999,39.450001,40.005001,30.344519,17825000
2012-07-30,39.884998,40.584999,39.785000,40.560001,30.765495,15947800
2012-07-31,40.349998,40.665001,40.195000,40.400002,30.644136,16333600
2012-08-01,40.485001,40.625000,40.294998,40.505001,30.723782,12954600
2012-08-02,40.365002,40.500000,39.759998,39.875000,30.245916,13393200
2012-08-03,40.095001,40.494999,40.005001,40.415001,30.655510,11834200
2012-08-06,40.505001,40.625000,40.310001,40.320000,30.583452,9179400
2012-08-07,40.419998,40.490002,39.875000,39.884998,30.253492,12782800
2012-08-08,39.855000,40.000000,39.680000,39.779999,30.173849,8790200
2012-08-09,39.735001,39.889999,39.415001,39.619999,30.052479,9583400
2012-08-10,39.580002,39.605000,39.305000,39.395000,29.881826,40577600
2012-08-13,39.310001,39.389999,39.049999,39.299999,29.809769,8898200
2012-08-14,39.599998,39.669998,39.250000,39.380001,29.870445,10841200
2012-08-15,39.419998,39.549999,39.230000,39.349998,29.847679,7692500
2012-08-16,39.400002,39.630001,39.310001,39.549999,29.999388,8824100
2012-08-17,39.660000,39.730000,39.270000,39.529999,29.984219,10541000
2012-08-20,39.540001,39.590000,39.259998,39.470001,29.938711,9211800
2012-08-21,39.410000,39.689999,39.230000,39.259998,29.779425,8329000
2012-08-22,39.139999,39.250000,38.689999,38.770000,29.407751,13479200
2012-08-23,38.810001,38.840000,38.020000,38.110001,28.907124,14973300
2012-08-24,38.070000,38.549999,38.070000,38.470001,29.180197,9317800
2012-08-27,38.560001,38.560001,38.119999,38.169998,28.952637,9589400
2012-08-28,38.139999,38.320000,37.770000,38.000000,28.823689,16148800
2012-08-29,38.049999,38.049999,37.380001,37.459999,28.414085,23435400
2012-08-30,37.380001,37.630001,37.130001,37.139999,28.171368,17041800
2012-08-31,37.410000,37.580002,37.150002,37.400002,28.368582,20710300
2012-09-04,37.520000,37.590000,37.220001,37.279999,28.277552,17293400
2012-09-05,37.360001,37.619999,37.110001,37.509998,28.452015,20839200
2012-09-06,37.779999,38.299999,37.700001,38.150002,28.937473,19851400
2012-09-07,38.380001,38.500000,37.740002,37.900002,28.747839,16391700
2012-09-10,37.959999,37.980000,37.590000,37.660000,28.565790,18216900
2012-09-11,37.630001,37.830002,37.560001,37.770000,28.649229,16505000
2012-09-12,37.790001,37.830002,37.509998,37.549999,28.675962,14632200
2012-09-13,37.730000,38.490002,37.610001,38.349998,29.286898,23803400
2012-09-14,38.549999,38.549999,38.009998,38.119999,29.111252,25087400
2012-09-17,38.160000,38.380001,38.029999,38.349998,29.286898,23594400
2012-09-18,38.380001,39.000000,38.299999,38.619999,29.493084,24373700
2012-09-19,38.660000,38.810001,38.410000,38.520000,29.416721,26276800
2012-09-20,38.389999,38.869999,38.380001,38.639999,29.508358,26953000
2012-09-21,38.730000,38.740002,37.880001,38.029999,29.042526,98967500
2012-09-24,37.810001,38.240002,37.810001,38.119999,29.111252,21902000
2012-09-25,38.209999,38.270000,37.660000,37.680000,28.775244,20299200
2012-09-26,37.779999,38.189999,37.740002,37.759998,28.836330,16677400
2012-09-27,38.060001,38.349998,37.900002,38.310001,29.256353,15176100
2012-09-28,38.169998,38.220001,37.900002,37.930000,28.966167,22721200
2012-10-01,38.160000,38.599998,38.150002,38.380001,29.309824,16671400
2012-10-02,38.560001,38.689999,38.110001,38.340000,29.279257,10276000
2012-10-03,38.320000,38.520000,38.139999,38.240002,29.202904,13637100
2012-10-04,38.459999,38.549999,38.189999,38.330002,29.271627,9654500
2012-10-05,38.490002,38.599998,38.250000,38.580002,29.462549,12287900
2012-10-08,38.540001,38.680000,38.439999,38.580002,29.462549,9434600
2012-10-09,38.500000,38.830002,38.459999,38.560001,29.447273,13078700
2012-10-10,38.650002,38.730000,38.049999,38.090000,29.088341,13754500
2012-10-11,38.200001,38.279999,38.020000,38.110001,29.103609,10843800
2012-10-12,38.259998,38.389999,38.110001,38.230000,29.195248,12059700
2012-10-15,38.090000,38.250000,38.009998,38.130001,29.118900,13785100
2012-10-16,38.180000,38.220001,37.439999,37.900002,28.943258,25811800
2012-10-17,38.060001,38.150002,37.700001,37.740002,28.821058,15449600
2012-10-18,37.759998,38.070000,37.459999,37.840000,28.897425,23063300
2012-10-19,37.930000,37.939999,37.400002,37.400002,28.561407,19864500
2012-10-22,37.369999,37.480000,36.959999,37.230000,28.431591,13340500
2012-10-23,36.959999,36.980000,36.540001,36.610001,27.958105,13287300
2012-10-24,36.599998,37.040001,36.599998,36.880001,28.164297,13531400
2012-10-25,37.000000,37.189999,36.849998,37.090000,28.324659,10457900
2012-10-26,37.119999,37.259998,36.779999,37.040001,28.286486,11896500
2012-10-31,37.160000,37.410000,36.919998,37.180000,28.393406,11643500
2012-11-01,37.150002,37.560001,37.150002,37.330002,28.507954,10622300
2012-11-02,37.580002,37.650002,37.000000,37.080002,28.317036,11237500
2012-11-05,36.950001,36.990002,36.630001,36.770000,28.080290,12139600
2012-11-06,36.919998,37.480000,36.860001,37.419998,28.576685,11448400
2012-11-07,37.279999,37.389999,36.400002,36.720001,28.042116,16745000
2012-11-08,36.650002,37.110001,36.360001,36.360001,27.767187,12921700
2012-11-09,36.049999,36.520000,36.049999,36.290001,27.713732,11520300
2012-11-12,36.290001,36.290001,35.990002,36.080002,27.553358,10169700
2012-11-13,36.029999,36.560001,35.980000,36.160000,27.614454,12105200
2012-11-14,36.189999,36.360001,35.869999,36.009998,27.499905,13508300
2012-11-15,35.900002,36.480000,35.860001,36.430000,27.820642,17643600
2012-11-16,36.490002,36.650002,36.270000,36.560001,27.919914,15624800
2012-11-19,36.849998,37.290001,36.810001,37.240002,28.439224,14076200
2012-11-20,37.230000,37.270000,36.849998,37.250000,28.446859,12278600
2012-11-21,37.330002,37.470001,37.220001,37.389999,28.553774,8631300
2012-11-23,37.549999,37.950001,37.490002,37.930000,28.966167,5365500
2012-11-26,37.580002,37.779999,37.230000,37.360001,28.530863,13217000
2012-11-27,37.439999,37.790001,37.340000,37.419998,28.576685,11873700
2012-11-28,37.060001,37.570000,36.799999,37.560001,28.880407,14846300
2012-11-29,37.680000,37.970001,37.500000,37.970001,29.195654,12433700
2012-11-30,37.939999,37.980000,37.660000,37.919998,29.157209,13039500
2012-12-03,37.900002,37.939999,37.330002,37.380001,28.741993,12864900
2012-12-04,37.310001,37.490002,37.139999,37.150002,28.565149,11794200
2012-12-05,37.200001,37.500000,37.080002,37.310001,28.688175,14561400
2012-12-06,37.340000,37.439999,37.299999,37.380001,28.741993,8974700
2012-12-07,37.439999,37.740002,37.389999,37.709999,28.995739,10654700
2012-12-10,37.700001,37.779999,37.509998,37.639999,28.941912,8603200
2012-12-11,37.630001,37.990002,37.580002,37.860001,29.111076,10671300
2012-12-12,37.889999,37.930000,37.500000,37.639999,28.941912,14681700
2012-12-13,37.700001,37.790001,37.529999,37.599998,28.911158,11442100
2012-12-14,37.520000,37.770000,37.500000,37.660000,28.957293,11800900
2012-12-17,37.790001,37.820000,37.380001,37.500000,28.834270,17588900
2012-12-18,37.529999,37.700001,37.130001,37.279999,28.665110,17952100
2012-12-19,37.250000,37.290001,36.770000,36.779999,28.280655,17991900
2012-12-20,36.689999,37.099998,36.650002,37.049999,28.488255,16182700
2012-12-21,37.000000,37.189999,36.529999,36.889999,28.365231,27942400
2012-12-24,36.720001,36.799999,36.570000,36.730000,28.242205,4851800
2012-12-26,36.700001,36.799999,36.240002,36.419998,28.003836,9982100
2012-12-27,36.349998,36.549999,36.200001,36.419998,28.003836,11380600
2012-12-28,36.220001,36.419998,35.950001,35.970001,27.657835,14053400
2012-12-31,35.880001,36.279999,35.580002,36.250000,27.873123,15651400
2013-01-02,36.990002,37.599998,36.660000,37.599998,28.911158,21872400
2013-01-03,37.450001,37.599998,37.110001,37.599998,28.911158,16357900
2013-01-04,37.650002,37.869999,37.520000,37.660000,28.957293,15311300
2013-01-07,37.520000,37.520000,37.099998,37.299999,28.680489,14610200
2013-01-08,37.189999,37.279999,36.910000,37.040001,28.480564,14324300
2013-01-09,37.200001,37.200001,36.830002,37.029999,28.472883,10563700
2013-01-10,37.119999,37.169998,36.759998,36.959999,28.419054,15603700
2013-01-11,36.840000,36.939999,36.520000,36.910000,28.380606,15644800
2013-01-14,36.950001,37.110001,36.799999,36.990002,28.442129,11001500
2013-01-15,36.990002,37.430000,36.799999,37.320000,28.695862,12721600
2013-01-16,37.209999,37.419998,37.119999,37.320000,28.695862,9168000
2013-01-17,37.430000,37.660000,37.330002,37.509998,28.841957,12121800
2013-01-18,37.490002,37.709999,37.310001,37.700001,28.988056,14056100
2013-01-22,37.740002,37.740002,37.049999,37.130001,28.549770,21249400
2013-01-23,37.080002,37.259998,37.040001,37.130001,28.549770,13570200
2013-01-24,37.200001,37.250000,37.000000,37.110001,28.534399,13258900
2013-01-25,37.180000,37.250000,36.910000,37.049999,28.488255,14040700
2013-01-28,37.070000,37.110001,36.860001,37.009998,28.457497,13386500
2013-01-29,36.880001,37.570000,36.860001,37.419998,28.772753,17705800
2013-01-30,37.400002,37.610001,37.320000,37.500000,28.834270,13219400
2013-01-31,37.529999,37.529999,37.110001,37.240002,28.634346,12969100
2013-02-01,37.540001,37.709999,37.369999,37.540001,28.865026,11932600
2013-02-04,37.480000,37.580002,37.299999,37.349998,28.718925,9456300
2013-02-05,37.560001,38.160000,37.560001,38.139999,29.326376,17897300
2013-02-06,38.130001,38.430000,38.000000,38.310001,29.457087,16823700
2013-02-07,38.419998,39.060001,38.349998,38.910000,29.918436,18805300
2013-02-08,38.849998,38.939999,38.599998,38.770000,29.810783,12308000
2013-02-11,38.709999,38.830002,38.410000,38.610001,29.687773,12159900
2013-02-12,38.110001,38.160000,37.279999,37.560001,28.880407,30700500
2013-02-13,37.669998,37.939999,37.009998,37.209999,28.611280,19943800
2013-02-14,37.240002,37.509998,36.700001,36.840000,28.326784,22748600
2013-02-15,36.939999,37.419998,36.540001,37.419998,28.772753,25204300
2013-02-19,37.509998,37.770000,37.459999,37.669998,28.964981,14850600
2013-02-20,37.700001,37.880001,37.410000,37.730000,29.011122,12949300
2013-02-21,37.619999,37.790001,37.430000,37.709999,28.995739,14135100
2013-02-22,37.759998,38.520000,37.709999,38.520000,29.618553,20102800
2013-02-25,38.560001,38.720001,37.720001,37.720001,29.003437,15874600
2013-02-26,37.950001,38.189999,37.779999,38.110001,29.303303,15770000
2013-02-27,38.029999,38.540001,37.919998,38.450001,29.564732,14271100
2013-02-28,38.470001,38.970001,38.419998,38.720001,29.772341,19005500
2013-03-01,38.490002,38.790001,38.490002,38.700001,29.756964,13724500
2013-03-04,38.599998,38.820000,38.450001,38.820000,29.849232,9934300
2013-03-05,38.980000,39.000000,38.560001,38.680000,29.741587,13240700
2013-03-06,38.799999,39.040001,38.700001,39.020000,30.003008,11653900
2013-03-07,39.040001,39.189999,38.840000,39.119999,30.079908,15094900
2013-03-08,39.169998,39.419998,39.029999,39.220001,30.156797,11183600
2013-03-11,39.200001,39.380001,39.180000,39.310001,30.226006,9200400
2013-03-12,39.279999,39.310001,38.799999,38.959999,29.956888,11375900
2013-03-13,38.820000,38.869999,38.549999,38.590000,29.887175,14358300
2013-03-14,38.820000,39.119999,38.660000,39.020000,30.220207,14572500
2013-03-15,38.820000,38.939999,38.660000,38.830002,30.073053,20781900
2013-03-18,38.610001,38.939999,38.570000,38.759998,30.018839,11479900
2013-03-19,38.919998,39.400002,38.820000,39.330002,30.460291,15192000
2013-03-20,39.400002,39.919998,39.360001,39.869999,30.878511,19271900
2013-03-21,39.849998,40.430000,39.759998,40.070000,31.033415,23063600
2013-03-22,39.980000,40.279999,39.889999,40.040001,31.010174,16128500
2013-03-25,40.110001,40.250000,39.959999,40.119999,31.072126,15718400
2013-03-26,40.130001,40.700001,40.130001,40.689999,31.513590,13666500
2013-03-27,40.450001,40.540001,40.060001,40.220001,31.149590,14559900
2013-03-28,40.380001,40.599998,40.020000,40.439999,31.319971,14227200
2013-04-01,40.389999,40.490002,40.169998,40.450001,31.327711,8200500
2013-04-02,40.430000,40.900002,40.419998,40.720001,31.536818,13359200
2013-04-03,40.779999,40.820000,40.080002,40.169998,31.110857,13639200
2013-04-04,40.270000,40.590000,40.200001,40.540001,31.397415,11435900
2013-04-05,40.209999,40.360001,40.009998,40.080002,31.041162,10729500
2013-04-08,40.060001,40.869999,39.770000,40.860001,31.645248,22757900
2013-04-09,40.810001,41.130001,40.509998,40.709999,31.529072,21056100
2013-04-10,40.779999,41.169998,40.709999,41.070000,31.807880,9703700
2013-04-11,41.130001,41.410000,41.060001,41.180000,31.893074,10962500
2013-04-12,40.910000,41.110001,40.680000,41.080002,31.815638,10394700
2013-04-15,40.849998,40.990002,40.049999,40.090000,31.048891,16050600
2013-04-16,41.400002,42.480000,41.250000,42.369999,32.814716,32135700
2013-04-17,42.139999,42.700001,42.029999,42.549999,32.954121,24208000
2013-04-18,42.480000,42.650002,42.090000,42.099998,32.605602,16034200
2013-04-19,42.279999,42.770000,42.200001,42.660000,33.039314,13875800
2013-04-22,42.520000,42.849998,42.400002,42.720001,33.085789,10544100
2013-04-23,42.779999,42.959999,42.259998,42.700001,33.070286,11216200
2013-04-24,42.639999,42.900002,42.099998,42.150002,32.644325,11368200
2013-04-25,42.259998,42.540001,42.080002,42.349998,32.799217,10197100
2013-04-26,42.180000,42.430000,42.090000,42.099998,32.605602,15159800
2013-04-29,42.240002,42.290001,41.919998,42.240002,32.714027,11311100
2013-04-30,42.150002,42.389999,41.880001,42.330002,32.783737,13432200
2013-05-01,42.150002,42.560001,42.139999,42.209999,32.690804,8710600
2013-05-02,41.660000,42.160000,41.490002,41.959999,32.497173,18709600
2013-05-03,42.169998,42.419998,41.959999,42.240002,32.714027,11757800
2013-05-06,42.290001,42.290001,41.869999,42.080002,32.590115,9356100
2013-05-07,42.209999,42.709999,42.150002,42.700001,33.070286,13785300
2013-05-08,42.540001,42.680000,42.160000,42.459999,32.884418,12636300
2013-05-09,42.509998,42.560001,42.000000,42.119999,32.621098,10113700
2013-05-10,42.110001,42.240002,41.849998,42.150002,32.644325,9927000
2013-05-13,42.139999,42.439999,42.000000,42.189999,32.675304,9291000
2013-05-14,42.180000,42.669998,42.009998,42.520000,32.930882,13023900
2013-05-15,42.500000,43.099998,42.389999,42.919998,33.240673,12306200
2013-05-16,42.910000,43.430000,42.790001,43.090000,33.372330,12330000
2013-05-17,43.049999,43.130001,42.560001,42.970001,33.279404,12611200
2013-05-20,42.950001,42.950001,42.299999,42.380001,32.822456,9966000
2013-05-21,42.480000,42.560001,42.070000,42.340000,32.791470,9148800
2013-05-22,42.279999,42.860001,42.040001,42.250000,32.721779,13615600
2013-05-23,41.930000,42.070000,41.560001,41.930000,32.473946,10934200
2013-05-24,41.540001,42.369999,41.500000,42.240002,32.714027,11542100
2013-05-28,42.599998,43.049999,42.400002,42.549999,32.954121,14412100
2013-05-29,42.340000,42.430000,41.310001,41.400002,32.063469,16986600
2013-05-30,41.490002,41.599998,40.750000,40.770000,31.575550,20874500
2013-05-31,40.650002,40.770000,39.990002,39.990002,30.971449,26184400
2013-06-03,39.950001,40.840000,39.630001,40.810001,31.606529,16577200
2013-06-04,41.590000,41.720001,40.950001,41.419998,32.078953,19241000
2013-06-05,41.400002,41.400002,40.599998,40.650002,31.482616,16429300
2013-06-06,40.549999,40.790001,40.310001,40.790001,31.591043,11171600
2013-06-07,41.200001,41.730000,40.980000,41.410000,32.071205,14459600
2013-06-10,41.500000,41.520000,41.040001,41.180000,31.893074,11247400
2013-06-11,40.880001,40.980000,40.400002,40.790001,31.591043,16491600
2013-06-12,40.790001,40.939999,40.279999,40.389999,31.497459,11611100
2013-06-13,40.310001,40.480000,39.680000,40.410000,31.513054,17861200
2013-06-14,40.380001,40.790001,40.259998,40.340000,31.458458,13635100
2013-06-17,40.540001,40.910000,40.400002,40.680000,31.723598,12409200
2013-06-18,40.700001,40.990002,40.570000,40.930000,31.918558,9893100
2013-06-19,41.009998,41.439999,40.410000,40.410000,31.513054,16936100
2013-06-20,40.270000,40.349998,38.970001,39.130001,30.514860,24899700
2013-06-21,39.630001,39.970001,39.299999,39.759998,31.006159,21938300
2013-06-24,39.450001,40.009998,39.130001,39.529999,30.826794,16433700
2013-06-25,39.820000,39.930000,39.439999,39.720001,30.974964,12942100
2013-06-26,40.080002,40.480000,40.060001,40.330002,31.450659,13855600
2013-06-27,40.650002,40.880001,40.240002,40.259998,31.396061,11459100
2013-06-28,40.250000,40.439999,40.099998,40.110001,31.279110,16316000
2013-07-01,40.500000,40.919998,40.360001,40.459999,31.552036,10754300
2013-07-02,40.470001,40.740002,40.180000,40.369999,31.481859,12248300
2013-07-03,40.240002,40.560001,40.029999,40.490002,31.575445,5264800
2013-07-05,40.720001,40.799999,40.150002,40.520000,31.598833,10402200
2013-07-08,40.650002,40.759998,40.419998,40.540001,31.614429,9936300
2013-07-09,40.860001,41.070000,40.720001,40.830002,31.840578,8760500
2013-07-10,40.919998,40.959999,40.529999,40.680000,31.723598,9539300
2013-07-11,41.000000,41.150002,40.740002,41.029999,31.996546,13489600
2013-07-12,41.029999,41.130001,40.730000,41.029999,31.996546,10686400
2013-07-15,41.049999,41.250000,40.930000,41.009998,31.980938,11418400
2013-07-16,39.779999,40.500000,39.500000,40.230000,31.372679,33575600
2013-07-17,40.549999,40.980000,40.310001,40.840000,31.848381,18513100
2013-07-18,40.860001,41.070000,40.740002,40.810001,31.824989,9708800
2013-07-19,40.880001,41.099998,40.790001,41.090000,32.043339,11401100
2013-07-22,41.080002,41.139999,40.759998,40.840000,31.848381,9425100
2013-07-23,40.950001,41.130001,40.790001,40.959999,31.941946,9400900
2013-07-24,41.119999,41.130001,40.750000,40.860001,31.863977,10511000
2013-07-25,40.810001,40.880001,40.480000,40.840000,31.848381,9147300
2013-07-26,40.650002,40.650002,40.009998,40.639999,31.692406,12279600
2013-07-29,40.610001,40.680000,40.259998,40.279999,31.411674,10132000
2013-07-30,40.419998,40.730000,40.250000,40.320000,31.442865,10769400
2013-07-31,40.410000,40.580002,40.060001,40.080002,31.255714,13557100
2013-08-01,40.400002,40.750000,40.400002,40.570000,31.637823,12001100
2013-08-02,40.029999,40.410000,39.910000,40.220001,31.364893,25516600
2013-08-05,40.180000,40.470001,40.180000,40.290001,31.419466,9933200
2013-08-06,40.230000,40.430000,40.060001,40.369999,31.481859,8645600
2013-08-07,40.310001,40.330002,40.060001,40.150002,31.310305,9301800
2013-08-08,40.299999,40.360001,40.020000,40.200001,31.349283,9481100
2013-08-09,40.250000,40.320000,40.049999,40.160000,31.318089,9021600
2013-08-12,40.040001,40.099998,39.709999,39.830002,31.060749,13970000
2013-08-13,39.930000,40.049999,39.500000,39.650002,30.920378,13548700
2013-08-14,39.590000,39.680000,39.349998,39.529999,30.826794,13787100
2013-08-15,39.299999,39.400002,39.020000,39.090000,30.483679,14227800
2013-08-16,39.029999,39.180000,38.709999,39.049999,30.452484,20565200
2013-08-19,39.049999,39.090000,38.689999,38.779999,30.241919,11913000
2013-08-20,38.849998,39.139999,38.650002,38.650002,30.140539,10238200
2013-08-21,38.630001,38.700001,38.250000,38.279999,29.852011,15799000
2013-08-22,38.320000,38.520000,38.099998,38.310001,29.875399,10307900
2013-08-23,38.610001,38.610001,38.369999,38.520000,30.039160,11302800
2013-08-26,38.599998,38.599998,38.110001,38.119999,29.727242,12740600
2013-08-27,37.980000,38.240002,37.799999,38.150002,29.750633,16742500
2013-08-28,38.060001,38.529999,38.049999,38.349998,29.906593,19245200
2013-08-29,38.470001,38.470001,38.099998,38.099998,29.711636,14215700
2013-08-30,38.160000,38.279999,38.000000,38.180000,29.774025,14296600
2013-09-03,38.270000,38.400002,37.799999,37.900002,29.555679,19068500
2013-09-04,37.880001,38.730000,37.810001,38.540001,30.054764,19138600
2013-09-05,38.630001,38.689999,38.060001,38.240002,29.820822,14290500
2013-09-06,38.380001,38.619999,38.099998,38.349998,29.906593,13976900
2013-09-09,38.520000,38.549999,38.270000,38.520000,30.039160,10605500
2013-09-10,38.770000,38.779999,38.509998,38.630001,30.124945,11757300
2013-09-11,38.680000,38.779999,38.529999,38.779999,30.241919,11996500
2013-09-12,38.590000,38.610001,38.279999,38.439999,30.194794,12114100
2013-09-13,38.560001,38.740002,38.419998,38.689999,30.391171,11623600
2013-09-16,39.029999,39.200001,38.740002,38.860001,30.524706,13351500
2013-09-17,38.810001,39.090000,38.790001,38.790001,30.469717,12881700
2013-09-18,38.810001,39.599998,38.580002,39.590000,31.098120,18030500
2013-09-19,39.639999,39.669998,39.150002,39.310001,30.878183,14251700
2013-09-20,39.330002,39.400002,38.779999,39.400002,30.948883,30675300
2013-09-23,39.160000,39.189999,38.439999,38.630001,30.344038,19016200
2013-09-24,38.720001,38.869999,38.520000,38.529999,30.265482,15083300
2013-09-25,38.650002,38.680000,38.299999,38.330002,30.108387,11446100
2013-09-26,38.490002,38.740002,38.389999,38.740002,30.430441,10941100
2013-09-27,38.570000,38.580002,38.150002,38.400002,30.163376,12609600
2013-09-30,38.189999,38.299999,37.750000,37.880001,29.754911,18101500
2013-10-01,38.000000,38.090000,37.619999,37.950001,29.809893,13196000
2013-10-02,37.810001,37.810001,37.209999,37.430000,29.401430,25664200
2013-10-03,37.459999,37.459999,37.130001,37.160000,29.189350,14437900
2013-10-04,37.250000,37.270000,36.910000,37.200001,29.220770,17217500
2013-10-07,37.080002,37.380001,36.830002,37.049999,29.102942,16708600
2013-10-08,37.099998,37.410000,36.900002,37.279999,29.283606,20471300
2013-10-09,37.380001,37.419998,37.009998,37.080002,29.126511,18998900
2013-10-10,37.770000,37.860001,37.450001,37.779999,29.676355,17174400
2013-10-11,37.919998,37.919998,37.520000,37.770000,29.668509,14266900
2013-10-14,37.560001,37.950001,37.509998,37.910000,29.778482,14202900
2013-10-15,38.180000,38.369999,37.599998,37.660000,29.582109,21676600
2013-10-16,38.009998,38.240002,37.779999,38.000000,29.849173,17995100
2013-10-17,38.060001,38.560001,38.009998,38.549999,30.281197,15900200
2013-10-18,38.580002,38.779999,38.419998,38.779999,30.461861,18896600
2013-10-21,38.950001,38.950001,38.599998,38.820000,30.493277,12977500
2013-10-22,38.860001,39.250000,38.689999,39.090000,30.705374,17110200
2013-10-23,39.080002,39.250000,38.799999,39.090000,30.705374,12591800
2013-10-24,39.150002,39.369999,38.759998,38.799999,30.477570,17143800
2013-10-25,38.840000,39.130001,38.630001,39.029999,30.658241,14383400
2013-10-28,39.020000,39.740002,38.990002,39.610001,31.113836,16552100
2013-10-29,39.570000,39.959999,39.349998,39.799999,31.263079,14199600
2013-10-30,39.880001,39.889999,39.509998,39.619999,31.121687,12360000
2013-10-31,39.509998,39.860001,39.509998,39.570000,31.082415,14853500
2013-11-01,39.570000,39.720001,39.330002,39.610001,31.113836,12430400
2013-11-04,39.709999,39.810001,39.299999,39.509998,31.035280,10252100
2013-11-05,39.360001,39.639999,39.220001,39.500000,31.027420,10575000
2013-11-06,39.619999,40.220001,39.419998,40.049999,31.459446,17198000
2013-11-07,40.080002,40.250000,39.759998,39.830002,31.286648,16233200
2013-11-08,39.740002,40.049999,39.490002,40.049999,31.459446,11903600
2013-11-11,40.009998,40.049999,39.770000,39.869999,31.318060,9567800
2013-11-12,39.910000,39.990002,39.619999,39.880001,31.325918,10509200
2013-11-13,39.820000,40.119999,39.650002,40.119999,31.514433,11770500
2013-11-14,40.090000,40.439999,40.029999,40.209999,31.585135,10887200
2013-11-15,40.160000,40.320000,39.959999,40.220001,31.592995,12021500
2013-11-18,40.240002,40.240002,40.000000,40.169998,31.553715,9553900
2013-11-19,40.139999,40.230000,39.919998,40.139999,31.530144,11014800
2013-11-20,40.049999,40.450001,39.939999,40.060001,31.467316,14422500
2013-11-21,40.200001,40.490002,40.099998,40.430000,31.757948,26364300
2013-11-22,40.340000,40.459999,40.090000,40.430000,31.757948,26396500
2013-11-25,40.480000,40.880001,40.330002,40.369999,31.710815,14059100
2013-11-26,40.490002,40.599998,40.240002,40.250000,31.616556,14240400
2013-11-27,40.090000,40.380001,39.689999,40.189999,31.790581,9909100
2013-11-29,40.270000,40.480000,40.110001,40.189999,31.790581,8641100
2013-12-02,40.099998,40.200001,39.750000,40.080002,31.703569,16738800
2013-12-03,40.049999,40.389999,40.009998,40.349998,31.917131,16592300
2013-12-04,40.200001,40.470001,39.939999,40.369999,31.932959,13196100
2013-12-05,40.279999,40.400002,39.799999,39.830002,31.505816,18171200
2013-12-06,40.049999,40.500000,40.049999,40.459999,32.004135,12557100
2013-12-09,40.400002,40.500000,40.200001,40.400002,31.956692,12237100
2013-12-10,40.259998,40.290001,39.750000,39.849998,31.521637,15967800
2013-12-11,39.950001,40.340000,39.889999,40.130001,31.743113,14963500
2013-12-12,39.990002,40.209999,39.180000,39.209999,31.015385,19817700
2013-12-13,39.470001,39.639999,39.209999,39.230000,31.031212,14037400
2013-12-16,39.459999,39.570000,39.200001,39.270000,31.062851,14562100
2013-12-17,39.119999,39.250000,38.869999,39.099998,30.928379,17655700
2013-12-18,39.259998,40.080002,39.000000,40.020000,31.656109,23884500
2013-12-19,39.970001,40.099998,39.560001,39.860001,31.529547,14791800
2013-12-20,39.919998,40.189999,39.849998,40.040001,31.671925,22237200
2013-12-23,40.099998,40.240002,39.869999,40.160000,31.766844,10943200
2013-12-24,40.169998,40.310001,40.099998,40.189999,31.790581,4783800
2013-12-26,40.220001,40.540001,40.139999,40.490002,32.027882,8588300
2013-12-27,40.689999,40.790001,40.529999,40.660000,32.162357,6762200
2013-12-30,40.770000,41.139999,40.759998,41.090000,32.502483,10927500
2013-12-31,41.130001,41.389999,40.980000,41.310001,32.676510,11729200
2014-01-02,41.119999,41.230000,40.509998,40.660000,32.162357,12698600
2014-01-03,40.680000,40.730000,40.349998,40.459999,32.004135,10403400
2014-01-06,40.480000,40.590000,40.160000,40.270000,31.853863,11036300
2014-01-07,40.480000,40.720001,40.290001,40.389999,31.948786,11872300
2014-01-08,40.439999,40.439999,39.830002,39.939999,31.592831,15339600
2014-01-09,39.950001,40.000000,39.520000,39.730000,31.426710,14070200
2014-01-10,39.959999,40.290001,39.900002,40.130001,31.743113,13290000
2014-01-13,40.000000,40.130001,39.500000,39.529999,31.268507,14091900
2014-01-14,39.639999,39.919998,39.580002,39.689999,31.395069,12801100
2014-01-15,39.830002,39.939999,39.580002,39.759998,31.450443,12844900
2014-01-16,39.779999,39.820000,39.580002,39.709999,31.410889,11063100
2014-01-17,39.720001,39.750000,39.279999,39.279999,31.070759,13992700
2014-01-21,39.639999,39.919998,39.529999,39.919998,31.577000,17579000
2014-01-22,39.990002,40.090000,39.750000,39.900002,31.561182,9841700
2014-01-23,39.610001,39.639999,39.119999,39.240002,31.039116,14828100
2014-01-24,39.080002,39.250000,38.820000,38.840000,30.722710,16507500
2014-01-27,38.820000,38.980000,38.709999,38.730000,30.635698,14601900
2014-01-28,38.770000,39.080002,38.619999,38.869999,30.746443,8915500
2014-01-29,38.570000,38.570000,37.820000,37.900002,29.979179,23776100
2014-01-30,38.000000,38.410000,38.000000,38.169998,30.192749,13662000
2014-01-31,37.950001,38.160000,37.720001,37.820000,29.915890,16185000
2014-02-03,38.020000,38.020000,37.099998,37.200001,29.425470,23164900
2014-02-04,37.439999,37.549999,37.209999,37.480000,29.646952,17759700
2014-02-05,37.490002,37.720001,37.380001,37.610001,29.749779,13665200
2014-02-06,38.759998,38.939999,37.919998,38.029999,30.081993,22661500
2014-02-07,38.169998,38.349998,37.869999,37.950001,30.018717,20389000
2014-02-10,38.070000,38.619999,37.840000,38.570000,30.509146,20877200
2014-02-11,38.669998,38.779999,38.509998,38.639999,30.564512,15361300
2014-02-12,38.849998,38.919998,38.400002,38.509998,30.461685,10633400
2014-02-13,38.130001,38.759998,38.130001,38.650002,30.572416,10435600
2014-02-14,38.599998,39.020000,38.270000,38.930000,30.793909,16030100
2014-02-18,37.980000,38.110001,37.259998,37.470001,29.639040,46098500
2014-02-19,37.500000,37.599998,37.049999,37.099998,29.346361,26645100
2014-02-20,37.060001,37.520000,36.889999,37.299999,29.504564,22639900
2014-02-21,37.590000,37.619999,37.139999,37.180000,29.409645,19419800
2014-02-24,37.299999,37.599998,37.220001,37.500000,29.662766,24223500
2014-02-25,37.630001,37.939999,37.500000,37.770000,29.876343,22845500
2014-02-26,37.900002,37.939999,37.720001,37.869999,29.955444,18195100
2014-02-27,37.840000,38.110001,37.799999,38.070000,30.113644,18423400
2014-02-28,38.080002,38.389999,38.040001,38.200001,30.216471,15763200
2014-03-03,37.880001,38.160000,37.849998,38.119999,30.153198,18683400
2014-03-04,38.340000,38.389999,38.230000,38.310001,30.303482,20425200
2014-03-05,38.419998,38.450001,38.250000,38.349998,30.335121,14367400
2014-03-06,38.400002,38.549999,38.270000,38.470001,30.430056,14700000
2014-03-07,38.560001,38.610001,38.360001,38.549999,30.493322,17047600
2014-03-10,38.549999,38.650002,38.439999,38.650002,30.572416,14540800
2014-03-11,38.840000,38.840000,38.540001,38.799999,30.691071,13812100
2014-03-12,38.270000,38.500000,38.209999,38.470001,30.671156,15673700
2014-03-13,38.450001,38.490002,37.919998,37.970001,30.272499,18302800
2014-03-14,37.950001,38.320000,37.880001,38.169998,30.431967,14687200
2014-03-17,38.169998,38.369999,38.049999,38.270000,30.511698,19203000
2014-03-18,38.270000,38.459999,38.139999,38.400002,30.615335,16880400
2014-03-19,38.360001,38.590000,38.099998,38.139999,30.408045,20882200
2014-03-20,38.110001,38.470001,37.950001,38.450001,30.655207,13228000
2014-03-21,38.779999,38.830002,38.279999,38.439999,30.647226,19189100
2014-03-24,38.480000,38.529999,38.209999,38.400002,30.615335,15693000
2014-03-25,38.490002,38.799999,38.459999,38.619999,30.790731,16898900
2014-03-26,38.689999,38.939999,38.610001,38.610001,30.782768,15835500
2014-03-27,38.509998,39.000000,38.480000,38.820000,30.950190,13031500
2014-03-28,38.889999,39.029999,38.820000,38.950001,31.053831,11502100
2014-03-31,38.990002,39.029999,38.459999,38.660000,30.822628,24489800
2014-04-01,38.529999,38.889999,38.310001,38.410000,30.623308,20515700
2014-04-02,38.490002,38.540001,38.299999,38.330002,30.559528,15709100
2014-04-03,38.389999,38.490002,38.040001,38.070000,30.352236,18114000
2014-04-04,38.240002,38.480000,38.139999,38.220001,30.471832,15453600
2014-04-07,38.270000,38.889999,38.259998,38.619999,30.790731,17295700
2014-04-08,38.669998,38.900002,38.480000,38.900002,31.013969,14769900
2014-04-09,38.840000,38.990002,38.700001,38.990002,31.085730,12031400
2014-04-10,38.980000,39.400002,38.820000,38.889999,31.006001,21025700
2014-04-11,38.830002,39.220001,38.570000,38.630001,30.798708,18084200
2014-04-14,38.709999,38.799999,38.400002,38.730000,30.878433,19389800
2014-04-15,39.830002,40.470001,39.500000,40.180000,32.034485,47529200
2014-04-16,40.119999,40.590000,40.119999,40.590000,32.361366,21919900
2014-04-17,40.430000,40.720001,40.250000,40.720001,32.465015,18547100
2014-04-21,40.470001,40.759998,40.349998,40.750000,32.488934,12630900
2014-04-22,40.580002,40.759998,40.419998,40.709999,32.457039,17404900
2014-04-23,40.700001,40.810001,40.560001,40.730000,32.472988,12072500
2014-04-24,40.700001,40.889999,40.459999,40.700001,32.449078,11392600
2014-04-25,40.459999,41.009998,40.439999,41.009998,32.696217,16811400
2014-04-28,40.820000,41.279999,40.740002,41.029999,32.712170,20736700
2014-04-29,40.970001,41.029999,40.520000,40.570000,32.345417,18928400
2014-04-30,40.689999,40.880001,40.590000,40.790001,32.520832,12362000
2014-05-01,40.790001,40.799999,40.259998,40.779999,32.512852,15385800
2014-05-02,40.790001,40.959999,40.630001,40.950001,32.648396,14197000
2014-05-05,40.650002,40.930000,40.549999,40.759998,32.496910,10163500
2014-05-06,40.520000,40.660000,40.450001,40.490002,32.281639,9359900
2014-05-07,40.700001,40.970001,40.630001,40.910000,32.616501,11115600
2014-05-08,40.849998,40.959999,40.650002,40.730000,32.472988,8538700
2014-05-09,40.779999,40.950001,40.709999,40.869999,32.584606,8516400
2014-05-12,40.880001,40.970001,40.689999,40.820000,32.544735,8906000
2014-05-13,40.830002,41.220001,40.820000,41.110001,32.775948,11579600
2014-05-14,41.020000,41.180000,40.830002,40.889999,32.600540,10036100
2014-05-15,40.619999,40.959999,40.439999,40.520000,32.305553,12379200
2014-05-16,40.520000,40.910000,40.450001,40.889999,32.600540,13823900
2014-05-19,40.599998,40.730000,40.419998,40.709999,32.457039,7559500
2014-05-20,40.799999,40.930000,40.570000,40.580002,32.353390,9639500
2014-05-21,40.549999,40.880001,40.500000,40.869999,32.584606,8607300
2014-05-22,40.770000,40.840000,40.529999,40.580002,32.353390,8430400
2014-05-23,40.630001,40.700001,40.529999,40.580002,32.353390,6255200
2014-05-27,40.560001,40.820000,40.480000,40.770000,32.504883,11282900
2014-05-28,40.700001,40.889999,40.529999,40.580002,32.353390,7536700
2014-05-29,40.680000,40.869999,40.599998,40.660000,32.417183,9867100
2014-05-30,40.540001,40.919998,40.490002,40.910000,32.616501,10446100
2014-06-02,40.750000,40.889999,40.680000,40.860001,32.576633,7472100
2014-06-03,40.720001,41.000000,40.709999,40.880001,32.592579,10493100
2014-06-04,40.910000,40.919998,40.709999,40.790001,32.520832,7864700
2014-06-05,40.730000,41.000000,40.630001,40.889999,32.600540,10131700
2014-06-06,40.939999,41.060001,40.840000,40.990002,32.680279,8760600
2014-06-09,40.849998,41.090000,40.849998,40.910000,32.616501,7316400
2014-06-10,40.840000,41.150002,40.810001,41.070000,32.744053,9168600
2014-06-11,40.980000,41.060001,40.790001,40.860001,32.576633,9648600
2014-06-12,40.410000,40.680000,40.369999,40.419998,32.468182,11583600
2014-06-13,40.389999,40.529999,40.250000,40.369999,32.428028,9194600
2014-06-16,40.189999,40.770000,40.150002,40.660000,32.660984,12878200
2014-06-17,41.180000,41.200001,40.610001,40.919998,32.869827,26926600
2014-06-18,40.790001,41.570000,40.750000,41.560001,33.383923,18518200
2014-06-19,41.540001,41.869999,41.529999,41.790001,33.568672,13275200
2014-06-20,41.869999,41.880001,41.529999,41.689999,33.488350,23402600
2014-06-23,41.459999,41.740002,41.330002,41.730000,33.520466,13099300
2014-06-24,41.520000,41.889999,41.470001,41.849998,33.616871,14962800
2014-06-25,41.599998,41.980000,41.459999,41.959999,33.705223,17621800
2014-06-26,41.910000,42.049999,41.779999,42.029999,33.761459,16903300
2014-06-27,41.990002,42.290001,41.910000,42.189999,33.889973,18674400
2014-06-30,41.980000,42.490002,41.820000,42.360001,34.026531,14058700
2014-07-01,42.389999,42.450001,42.150002,42.290001,33.970306,11497700
2014-07-02,42.310001,42.410000,42.150002,42.290001,33.970306,6707000
2014-07-03,42.259998,42.320000,42.009998,42.230000,33.922112,7537700
2014-07-07,41.959999,42.200001,41.930000,42.139999,33.849815,8991900
2014-07-08,41.970001,42.250000,41.910000,41.939999,33.689159,10090500
2014-07-09,41.930000,42.160000,41.790001,41.950001,33.697189,9891600
2014-07-10,41.560001,42.290001,41.549999,42.259998,33.946201,12564500
2014-07-11,42.119999,42.250000,41.880001,41.970001,33.713249,9773000
2014-07-14,41.990002,42.389999,41.980000,42.380001,34.042606,11857700
2014-07-15,42.410000,42.430000,41.950001,42.099998,33.817684,10541900
2014-07-16,42.259998,42.389999,42.020000,42.119999,33.833752,10331400
2014-07-17,41.930000,42.150002,41.830002,42.020000,33.753418,9983500
2014-07-18,42.139999,42.470001,42.020000,42.430000,34.082752,19272400
2014-07-21,42.119999,42.570000,42.090000,42.400002,34.058666,17607200
2014-07-22,41.099998,41.330002,40.610001,41.189999,33.086712,24706000
2014-07-23,40.980000,41.049999,40.630001,40.810001,32.781471,17531700
2014-07-24,40.970001,41.099998,40.660000,40.970001,32.909988,14856000
2014-07-25,40.919998,41.040001,40.810001,41.000000,32.934078,10809900
2014-07-28,40.990002,41.000000,40.610001,40.680000,32.677040,11709100
2014-07-29,40.750000,40.779999,40.349998,40.349998,32.411957,10863600
2014-07-30,40.450001,40.500000,39.610001,39.619999,31.825575,20346200
2014-07-31,39.529999,39.730000,39.250000,39.290001,31.560492,15434700
2014-08-01,39.130001,39.490002,39.060001,39.290001,31.560492,13566700
2014-08-04,39.410000,39.459999,39.119999,39.400002,31.648863,11012900
2014-08-05,39.340000,39.529999,39.099998,39.180000,31.472141,11639200
2014-08-06,39.130001,39.959999,39.130001,39.919998,32.066551,17567500
2014-08-07,39.959999,40.009998,39.330002,39.349998,31.608686,14367400
2014-08-08,39.340000,39.580002,39.259998,39.450001,31.689016,13667000
2014-08-11,39.520000,39.869999,39.520000,39.570000,31.785406,14102600
2014-08-12,39.560001,39.840000,39.540001,39.680000,31.873770,13297500
2014-08-13,39.700001,40.099998,39.700001,39.939999,32.082626,9638900
2014-08-14,39.930000,40.189999,39.930000,40.180000,32.275406,6902000
2014-08-15,40.849998,41.150002,40.660000,40.880001,32.837696,23221600
2014-08-18,40.790001,41.419998,40.790001,41.349998,33.215244,14891500
2014-08-19,41.349998,41.480000,41.160000,41.259998,33.142941,10260400
2014-08-20,41.150002,41.340000,41.090000,41.250000,33.134911,6782500
2014-08-21,41.290001,41.689999,41.220001,41.410000,33.263428,11951000
2014-08-22,41.290001,41.520000,41.049999,41.119999,33.030491,11244600
2014-08-25,41.320000,41.450001,41.119999,41.410000,33.263428,10229300
2014-08-26,41.410000,41.700001,41.410000,41.599998,33.416046,8416500
2014-08-27,41.529999,41.709999,41.439999,41.599998,33.416046,7693100
2014-08-28,41.509998,41.700001,41.439999,41.630001,33.440136,9746400
2014-08-29,41.599998,41.750000,41.470001,41.720001,33.512447,7666700
2014-09-02,41.520000,41.840000,41.310001,41.639999,33.448177,9798100
2014-09-03,41.689999,41.849998,41.660000,41.779999,33.560646,8635400
2014-09-04,41.799999,42.169998,41.730000,41.869999,33.632938,16785300
2014-09-05,41.860001,41.860001,41.610001,41.840000,33.608826,12768100
2014-09-08,41.669998,41.939999,41.630001,41.779999,33.560646,9097700
2014-09-09,41.770000,42.029999,41.750000,41.939999,33.689159,11892500
2014-09-10,41.900002,42.189999,41.830002,42.169998,33.873913,17558000
2014-09-11,41.680000,42.060001,41.660000,41.950001,33.942688,19614000
2014-09-12,41.900002,41.919998,41.360001,41.459999,33.546219,12966800
2014-09-15,41.450001,41.580002,41.330002,41.500000,33.578587,12259600
2014-09-16,41.290001,41.799999,41.180000,41.639999,33.691860,15232800
2014-09-17,41.770000,41.779999,41.320000,41.610001,33.667583,16693800
2014-09-18,41.750000,41.880001,41.549999,41.790001,33.813232,12586400
2014-09-19,41.980000,42.349998,41.750000,42.049999,34.023598,47559700
2014-09-22,41.849998,42.250000,41.730000,42.220001,34.161144,11518100
2014-09-23,42.000000,42.160000,41.880001,41.889999,33.894142,10251300
2014-09-24,41.849998,42.340000,41.849998,42.270000,34.201607,13540900
2014-09-25,42.060001,42.169998,41.770000,41.779999,33.805138,11076300
2014-09-26,42.000000,42.250000,41.709999,42.200001,34.144974,9939600
2014-09-29,41.900002,42.259998,41.880001,42.250000,34.185432,12441100
2014-09-30,42.099998,42.810001,42.080002,42.660000,34.517162,22613700
2014-10-01,42.549999,42.849998,42.369999,42.740002,34.581902,30409700
2014-10-02,42.599998,42.779999,42.419998,42.660000,34.517162,16643200
2014-10-03,42.860001,43.070000,42.660000,43.000000,34.792271,14046300
2014-10-06,43.029999,43.680000,42.970001,43.599998,35.277737,20328100
2014-10-07,43.480000,44.139999,43.480000,43.919998,35.536655,24936600
2014-10-08,43.580002,44.560001,43.509998,44.549999,36.046406,26115600
2014-10-09,44.439999,44.750000,43.869999,43.869999,35.496201,25029300
2014-10-10,43.880001,44.869999,43.849998,44.470001,35.981674,25920800
2014-10-13,44.279999,44.630001,44.029999,44.070000,35.658020,20175200
2014-10-14,44.040001,44.119999,43.470001,43.639999,35.310104,21027400
2014-10-15,42.700001,43.529999,42.700001,43.230000,34.978359,22988600
2014-10-16,42.650002,42.939999,42.380001,42.560001,34.436253,22519200
2014-10-17,42.689999,43.029999,42.310001,42.880001,34.695175,23236000
2014-10-20,42.750000,43.470001,42.709999,43.290001,35.026917,17647800
2014-10-21,40.799999,41.189999,40.259998,40.680000,32.915100,55953500
2014-10-22,40.189999,41.110001,40.099998,40.619999,32.866558,27728200
2014-10-23,40.939999,41.380001,40.740002,40.860001,33.060745,23346800
2014-10-24,40.980000,41.270000,40.919998,41.029999,33.198296,13396000
2014-10-27,40.700001,40.910000,40.560001,40.759998,32.979836,17222500
2014-10-28,40.759998,40.860001,40.509998,40.560001,32.818005,18658700
2014-10-29,40.650002,41.029999,40.520000,40.959999,33.141647,25761800
2014-10-30,41.000000,41.590000,40.830002,41.400002,33.497673,18295600
2014-10-31,41.830002,41.889999,41.400002,41.880001,33.886044,18477700
2014-11-03,41.790001,42.279999,41.590000,41.810001,33.829411,13230600
2014-11-04,41.770000,42.049999,41.660000,41.820000,33.837502,10105300
2014-11-05,42.299999,42.540001,41.990002,42.310001,34.233982,20676800
2014-11-06,42.430000,42.619999,42.110001,42.290001,34.217789,11528800
2014-11-07,42.450001,42.459999,42.139999,42.320000,34.242062,11803800
2014-11-10,42.250000,42.570000,42.090000,42.389999,34.298710,9088900
2014-11-11,42.380001,42.709999,42.360001,42.509998,34.395794,8563700
2014-11-12,42.509998,42.889999,42.310001,42.709999,34.557629,12768800
2014-11-13,42.650002,43.080002,42.630001,42.790001,34.622345,12007700
2014-11-14,42.700001,42.970001,42.500000,42.730000,34.573795,10939500
2014-11-17,42.750000,42.990002,42.730000,42.919998,34.727531,10664000
2014-11-18,42.950001,43.860001,42.750000,43.529999,35.221096,26143000
2014-11-19,43.669998,44.430000,43.560001,44.220001,35.779404,25402300
2014-11-20,43.959999,44.419998,43.849998,44.250000,35.803665,13465400
2014-11-21,44.580002,44.740002,44.279999,44.500000,36.005947,14382700
2014-11-24,44.509998,44.779999,44.200001,44.270000,35.819855,12890800
2014-11-25,44.270000,44.590000,44.119999,44.430000,35.949318,10741700
2014-11-26,43.990002,44.369999,43.970001,44.290001,36.083740,9199200
2014-11-28,44.150002,45.000000,44.150002,44.830002,36.523693,10502000
2014-12-01,44.180000,44.770000,44.130001,44.549999,36.295563,10065700
2014-12-02,44.369999,44.669998,44.230000,44.540001,36.287415,9878100
2014-12-03,44.419998,44.439999,43.759998,43.799999,35.684536,15246500
2014-12-04,43.619999,43.840000,43.369999,43.500000,35.440109,13779700
2014-12-05,43.500000,43.610001,43.200001,43.529999,35.464554,12536900
2014-12-08,43.509998,43.630001,43.090000,43.139999,35.146820,12802300
2014-12-09,42.150002,42.529999,41.669998,42.040001,34.250629,25714600
2014-12-10,42.040001,42.240002,41.560001,41.599998,33.892147,18324100
2014-12-11,41.619999,42.009998,41.500000,41.529999,33.835125,16201500
2014-12-12,41.389999,41.610001,40.869999,40.910000,33.330002,18432400
2014-12-15,41.130001,41.180000,40.560001,40.570000,33.052998,23378500
2014-12-16,40.200001,41.310001,39.799999,40.389999,32.906349,23475400
2014-12-17,40.439999,41.759998,40.380001,41.549999,33.851418,20223900
2014-12-18,41.860001,42.389999,41.750000,42.389999,34.535782,18030700
2014-12-19,42.439999,42.790001,41.889999,41.950001,34.177307,24009500
2014-12-22,42.139999,42.439999,42.090000,42.349998,34.503189,11190900
2014-12-23,42.540001,43.139999,42.470001,42.970001,35.008316,13411300
2014-12-24,43.099998,43.230000,42.919998,42.939999,34.983875,6405900
2014-12-26,42.970001,43.299999,42.930000,42.959999,35.000164,6466900
2014-12-29,42.799999,43.060001,42.490002,42.860001,34.918690,8694500
2014-12-30,42.740002,42.990002,42.650002,42.759998,34.837223,9222000
2014-12-31,42.919998,42.939999,42.220001,42.220001,34.397274,9369500
2015-01-02,42.259998,42.400002,41.799999,42.139999,34.332104,9921100
2015-01-05,42.689999,42.970001,42.080002,42.139999,34.332104,26292600
2015-01-06,42.410000,42.939999,42.240002,42.459999,34.592823,16897500
2015-01-07,42.799999,43.110001,42.580002,42.990002,35.024609,13412300
2015-01-08,43.180000,43.570000,43.099998,43.509998,35.448261,21743600
2015-01-09,43.470001,43.560001,42.950001,43.029999,35.057198,12733500
2015-01-12,43.070000,43.200001,42.459999,42.639999,34.739464,11415800
2015-01-13,42.830002,43.240002,42.450001,42.630001,34.731316,12529500
2015-01-14,42.080002,42.599998,42.070000,42.560001,34.674282,13447600
2015-01-15,42.830002,42.860001,42.169998,42.380001,34.527634,11193100
2015-01-16,42.360001,42.590000,42.240002,42.529999,34.649841,15114900
2015-01-20,42.700001,43.330002,42.610001,43.160000,35.163109,17047300
2015-01-21,42.889999,43.430000,42.759998,43.360001,35.326061,10720600
2015-01-22,43.369999,43.830002,43.070000,43.779999,35.668224,14709100
2015-01-23,43.599998,43.750000,43.180000,43.310001,35.285313,12357700
2015-01-26,43.180000,43.230000,42.830002,43.000000,35.032757,11151900
2015-01-27,42.540001,42.639999,42.150002,42.389999,34.535782,15274000
2015-01-28,42.590000,42.799999,41.900002,41.919998,34.152866,14278500
2015-01-29,41.770000,42.150002,41.470001,42.099998,34.299522,13657900
2015-01-30,41.830002,41.930000,41.110001,41.169998,33.541832,19193700
2015-02-02,41.209999,41.630001,40.900002,41.590000,33.883999,15197500
2015-02-03,41.750000,41.849998,41.369999,41.630001,33.916599,13193100
2015-02-04,41.770000,42.090000,41.619999,41.680000,33.957336,16400000
2015-02-05,41.799999,41.820000,41.509998,41.790001,34.046951,11078500
2015-02-06,41.630001,41.759998,41.320000,41.450001,33.769943,12366400
2015-02-09,41.380001,41.450001,41.040001,41.230000,33.590714,13371100
2015-02-10,42.910000,43.029999,42.200001,42.400002,34.543926,32184200
2015-02-11,42.099998,42.490002,41.700001,42.369999,34.519489,20496300
2015-02-12,42.400002,42.660000,42.070000,42.169998,34.356537,13818200
2015-02-13,42.020000,42.230000,41.759998,41.990002,34.209896,10792100
2015-02-17,41.810001,41.880001,41.639999,41.810001,34.063248,12804200
2015-02-18,41.750000,41.799999,41.470001,41.730000,33.998066,9789800
2015-02-19,41.680000,42.240002,41.529999,42.110001,34.307659,16578300
2015-02-20,42.040001,42.110001,41.639999,41.970001,34.193600,15982400
2015-02-23,41.709999,42.169998,41.689999,41.849998,34.095837,11830300
2015-02-24,41.849998,42.330002,41.770000,42.130001,34.323952,12782700
2015-02-25,42.169998,42.240002,41.740002,42.049999,34.258785,10323300
2015-02-26,42.040001,42.549999,41.970001,42.459999,34.592823,14346500
2015-02-27,42.520000,43.660000,42.470001,43.299999,35.277176,28312800
2015-03-02,43.299999,43.299999,43.080002,43.200001,35.195698,13514600
2015-03-03,43.110001,43.160000,42.840000,42.950001,34.992020,10036300
2015-03-04,42.919998,42.980000,42.470001,42.500000,34.625404,16263000
2015-03-05,42.560001,42.610001,42.250000,42.400002,34.543926,9223000
2015-03-06,42.119999,42.200001,41.330002,41.520000,33.826981,18180500
2015-03-09,41.529999,41.549999,41.320000,41.389999,33.721062,10123300
2015-03-10,41.099998,41.150002,40.680000,40.689999,33.150772,14599100
2015-03-11,40.730000,40.730000,40.080002,40.099998,32.670082,18549700
2015-03-12,40.099998,40.570000,40.020000,40.570000,33.327263,17728700
2015-03-13,40.439999,40.570000,39.610001,39.910000,32.785088,17438400
2015-03-16,40.000000,40.349998,39.990002,40.290001,33.097256,15238800
2015-03-17,40.669998,40.730000,40.320000,40.509998,33.277977,21661800
2015-03-18,40.480000,40.790001,39.799999,40.599998,33.351910,26247500
2015-03-19,40.480000,40.520000,39.959999,40.020000,32.875446,16057600
2015-03-20,40.070000,40.660000,40.009998,40.650002,33.392979,31608500
2015-03-23,40.639999,40.939999,40.500000,40.619999,33.368336,17060500
2015-03-24,40.910000,40.990002,40.470001,40.470001,33.245113,13485700
2015-03-25,40.590000,40.700001,40.240002,40.450001,33.228683,22811300
2015-03-26,40.340000,40.560001,40.230000,40.349998,33.146534,17359600
2015-03-27,40.480000,40.480000,39.970001,40.080002,32.924744,14384400
2015-03-30,40.110001,40.610001,39.939999,40.509998,33.277977,12561400
2015-03-31,40.509998,40.900002,40.349998,40.549999,33.310841,16604800
2015-04-01,40.790001,40.810001,40.230000,40.680000,33.417629,14300700
2015-04-02,40.730000,40.869999,40.480000,40.680000,33.417629,14343100
2015-04-06,40.770000,41.610001,40.590000,41.169998,33.820145,19843400
2015-04-07,41.049999,41.369999,40.970001,41.009998,33.688705,9773400
2015-04-08,40.980000,41.090000,40.740002,40.889999,33.590137,8954700
2015-04-09,40.799999,41.080002,40.630001,41.049999,33.721577,12710900
2015-04-10,41.090000,41.160000,40.849998,40.880001,33.581924,8720000
2015-04-13,40.970001,40.970001,40.700001,40.700001,33.434052,9616300
2015-04-14,40.590000,40.650002,40.320000,40.509998,33.277977,11209700
2015-04-15,40.590000,40.810001,40.320000,40.400002,33.187618,11189100
2015-04-16,40.410000,40.860001,40.299999,40.599998,33.351910,13121000
2015-04-17,40.470001,40.660000,40.099998,40.299999,33.105465,15330300
2015-04-20,40.419998,40.900002,40.410000,40.660000,33.401188,13023700
2015-04-21,40.669998,40.990002,40.540001,40.779999,33.499775,19673100
2015-04-22,41.560001,41.570000,41.070000,41.310001,33.935154,26887200
2015-04-23,41.230000,41.410000,40.919998,40.950001,33.639423,17408800
2015-04-24,41.040001,41.119999,40.810001,40.889999,33.590137,11623300
2015-04-27,41.000000,41.150002,40.779999,40.830002,33.540848,10044600
2015-04-28,40.950001,40.970001,40.599998,40.770000,33.491554,12174800
2015-04-29,40.660000,40.750000,40.400002,40.490002,33.261547,11371400
2015-04-30,40.400002,40.580002,40.279999,40.560001,33.319054,12700800
2015-05-01,40.580002,40.930000,40.500000,40.910000,33.606564,10848300
2015-05-04,40.880001,41.099998,40.770000,40.959999,33.647640,10204800
2015-05-05,41.139999,41.139999,40.680000,40.750000,33.475136,11721300
2015-05-06,41.040001,41.090000,40.389999,40.660000,33.401188,11906900
2015-05-07,40.529999,40.910000,40.509998,40.700001,33.434052,13834700
2015-05-08,41.000000,41.169998,40.849998,40.980000,33.664070,11144400
2015-05-11,40.980000,41.389999,40.880001,40.939999,33.631210,10113500
2015-05-12,40.770000,40.959999,40.520000,40.689999,33.425838,12384500
2015-05-13,40.750000,41.360001,40.720001,41.049999,33.721577,13183700
2015-05-14,41.299999,41.599998,41.259998,41.500000,34.091232,9961000
2015-05-15,41.450001,41.689999,41.430000,41.520000,34.107666,8479000
2015-05-18,41.490002,41.490002,41.250000,41.320000,33.943371,11511700
2015-05-19,41.230000,41.389999,41.130001,41.310001,33.935154,9072000
2015-05-20,41.369999,41.590000,41.310001,41.349998,33.968018,10965200
2015-05-21,41.259998,41.320000,41.070000,41.230000,33.869434,9270900
2015-05-22,41.119999,41.240002,41.040001,41.209999,33.853012,11909500
2015-05-26,41.119999,41.180000,40.740002,40.990002,33.672291,15194300
2015-05-27,40.939999,41.200001,40.830002,41.119999,33.779068,9863100
2015-05-28,41.200001,41.299999,40.880001,41.139999,33.795502,9395200
2015-05-29,41.180000,41.180000,40.770000,40.959999,33.647640,19628600
2015-06-01,41.360001,41.410000,40.880001,40.939999,33.631210,12684100
2015-06-02,40.840000,41.160000,40.680000,40.990002,33.672291,11878600
2015-06-03,41.099998,41.209999,40.779999,40.869999,33.573704,8153800
2015-06-04,40.709999,40.980000,40.529999,40.590000,33.343693,10145800
2015-06-05,40.480000,40.520000,40.080002,40.099998,32.941166,15975600
2015-06-08,40.099998,40.259998,40.020000,40.160000,32.990452,14339300
2015-06-09,40.169998,40.419998,40.110001,40.200001,33.023315,10772700
2015-06-10,40.320000,40.540001,40.279999,40.330002,33.130108,11979900
2015-06-11,40.110001,40.250000,40.029999,40.099998,33.212940,11944900
2015-06-12,40.040001,40.119999,39.840000,39.959999,33.096985,15568600
2015-06-15,39.830002,39.860001,39.570000,39.590000,32.790531,11364800
2015-06-16,39.630001,40.160000,39.599998,40.080002,33.196377,12517400
2015-06-17,40.080002,40.320000,40.009998,40.270000,33.353729,13898400
2015-06-18,40.160000,40.740002,40.160000,40.650002,33.668472,16314600
2015-06-19,40.590000,40.650002,40.400002,40.400002,33.461414,23550600
2015-06-22,40.509998,40.810001,40.459999,40.480000,33.527668,8775900
2015-06-23,40.430000,40.520000,40.310001,40.380001,33.444847,11094900
2015-06-24,40.369999,40.450001,40.189999,40.189999,33.287476,10385100
2015-06-25,40.279999,40.340000,40.020000,40.020000,33.146679,10607600
2015-06-26,40.099998,40.349998,40.000000,40.000000,33.130108,16215600
2015-06-29,39.799999,39.980000,39.400002,39.400002,32.633152,15500800
2015-06-30,39.610001,39.610001,39.119999,39.230000,32.492359,14621300
2015-07-01,39.380001,39.599998,39.279999,39.500000,32.715977,11177400
2015-07-02,39.630001,39.810001,39.349998,39.490002,32.707703,8975900
2015-07-06,39.320000,39.599998,39.220001,39.419998,32.649719,10252600
2015-07-07,39.490002,40.380001,39.400002,40.250000,33.337173,20335000
2015-07-08,39.990002,40.230000,39.840000,39.860001,33.014153,11383700
2015-07-09,40.459999,40.580002,39.900002,39.919998,33.063847,13392000
2015-07-10,40.270000,40.520000,40.160000,40.389999,33.453129,13360400
2015-07-13,40.560001,40.770000,40.490002,40.660000,33.676758,9854200
2015-07-14,40.900002,41.259998,40.840000,41.169998,34.099163,19531000
2015-07-15,41.150002,41.360001,41.099998,41.130001,34.066032,11252100
2015-07-16,41.419998,41.599998,41.349998,41.480000,34.355930,10483700
2015-07-17,41.310001,41.320000,41.049999,41.250000,34.165421,9608300
2015-07-20,41.349998,41.540001,41.220001,41.380001,34.273094,10024200
2015-07-21,41.380001,41.520000,41.099998,41.189999,34.115726,13653800
2015-07-22,40.810001,41.590000,40.590000,40.900002,33.875538,15528600
2015-07-23,40.990002,41.020000,40.480000,40.840000,33.825836,13522200
2015-07-24,40.759998,40.830002,40.410000,40.439999,33.494534,10912500
2015-07-27,40.279999,40.580002,40.160000,40.540001,33.577366,10945700
2015-07-28,40.650002,40.730000,40.439999,40.549999,33.585648,11021800
2015-07-29,40.529999,40.709999,40.490002,40.590000,33.618790,8479900
2015-07-30,40.549999,40.750000,40.389999,40.560001,33.593933,9095500
2015-07-31,40.880001,41.220001,40.770000,41.080002,34.024620,15309500
2015-08-03,40.849998,41.549999,40.840000,41.540001,34.405624,14672600
2015-08-04,41.509998,41.869999,41.340000,41.849998,34.662388,17559900
2015-08-05,41.919998,42.220001,41.820000,42.119999,34.885998,15329200
2015-08-06,42.000000,42.250000,41.860001,41.919998,34.720356,11378900
2015-08-07,41.810001,41.970001,41.529999,41.770000,34.596123,10886700
2015-08-10,41.889999,41.990002,41.580002,41.680000,34.521572,9501900
2015-08-11,41.400002,41.570000,41.169998,41.480000,34.355930,11254900
2015-08-12,41.130001,41.259998,40.849998,41.259998,34.173706,9602200
2015-08-13,41.279999,41.380001,41.009998,41.099998,34.041183,10270900
2015-08-14,41.009998,41.250000,40.959999,41.250000,34.165421,9904800
2015-08-17,41.029999,41.450001,40.970001,41.349998,34.248241,8272800
2015-08-18,41.279999,41.529999,41.189999,41.299999,34.206833,11199400
2015-08-19,41.139999,41.240002,40.779999,40.779999,33.776142,15796500
2015-08-20,40.520000,40.820000,40.419998,40.549999,33.585648,14218000
2015-08-21,40.160000,40.470001,39.509998,39.529999,32.740837,28036200
2015-08-24,37.990002,38.939999,36.560001,38.380001,31.788338,44065300
2015-08-25,39.130001,39.279999,37.930000,37.990002,31.465321,31363700
2015-08-26,38.750000,38.830002,37.889999,38.730000,32.078224,23523300
2015-08-27,39.060001,39.380001,38.599998,39.270000,32.525482,18871600
2015-08-28,39.110001,39.470001,39.049999,39.450001,32.674564,14503900
2015-08-31,39.150002,39.450001,39.060001,39.320000,32.566895,12673300
2015-09-01,38.669998,39.029999,38.540001,38.750000,32.094784,23703200
2015-09-02,39.029999,39.070000,38.560001,38.900002,32.219028,14054800
2015-09-03,38.900002,39.340000,38.840000,39.160000,32.434372,13311600
2015-09-04,38.680000,38.790001,38.380001,38.520000,31.904289,15450500
2015-09-08,38.869999,39.029999,38.599998,38.900002,32.219028,15273900
2015-09-09,39.119999,39.209999,38.200001,38.299999,31.722084,13764600
2015-09-10,38.310001,38.650002,38.250000,38.419998,31.821466,14952500
2015-09-11,38.009998,38.189999,37.840000,38.130001,31.854895,11802300
2015-09-14,38.220001,38.220001,37.849998,38.099998,31.829819,8950000
2015-09-15,38.070000,38.630001,37.919998,38.500000,32.163994,13019800
2015-09-16,38.669998,39.189999,38.470001,39.150002,32.707024,22233400
2015-09-17,39.150002,39.610001,39.040001,39.380001,32.899174,21232500
2015-09-18,38.860001,39.299999,38.709999,38.980000,32.565002,27527300
2015-09-21,39.049999,39.310001,38.939999,39.189999,32.740440,12935800
2015-09-22,38.680000,38.990002,38.580002,38.790001,32.406273,15021300
2015-09-23,38.790001,38.880001,38.549999,38.759998,32.381203,8910800
2015-09-24,38.520000,39.200001,38.509998,39.150002,32.707024,19385700
2015-09-25,39.430000,40.080002,39.330002,39.619999,33.099667,22511300
2015-09-28,39.520000,39.820000,39.330002,39.529999,33.024494,19323100
2015-09-29,39.520000,39.709999,39.330002,39.660000,33.133091,14166900
2015-09-30,39.880001,40.230000,39.799999,40.119999,33.517387,19752600
2015-10-01,40.220001,40.470001,39.599998,39.799999,33.250053,19606600
2015-10-02,39.560001,40.389999,39.360001,40.389999,33.742950,15537300
2015-10-05,40.450001,41.049999,40.430000,41.009998,34.260918,15664000
2015-10-06,41.040001,41.340000,40.930000,40.959999,34.219143,14579400
2015-10-07,41.139999,41.610001,41.099998,41.520000,34.686993,14329700
2015-10-08,41.259998,41.990002,41.259998,41.980000,35.071289,11960200
2015-10-09,41.820000,42.119999,41.779999,42.020000,35.104702,13931200
2015-10-12,41.830002,42.290001,41.810001,42.000000,35.087997,12299100
2015-10-13,41.799999,41.910000,41.540001,41.650002,34.795589,12903600
2015-10-14,41.560001,41.959999,41.560001,41.680000,34.820656,14180000
2015-10-15,41.869999,42.029999,41.599998,41.919998,35.021164,11801600
2015-10-16,42.160000,42.209999,41.880001,42.020000,35.104702,20384200
2015-10-19,41.900002,42.060001,41.799999,41.990002,35.079639,15553800
2015-10-20,42.000000,42.400002,42.000000,42.290001,35.330269,16199300
2015-10-21,41.939999,42.520000,41.709999,42.189999,35.246723,19254900
2015-10-22,42.439999,43.849998,42.410000,43.240002,36.123928,35920200
2015-10-23,43.310001,43.310001,42.750000,42.790001,35.747986,18796100
2015-10-26,42.759998,42.889999,42.459999,42.590000,35.580902,14788600
2015-10-27,42.500000,42.770000,42.480000,42.610001,35.597599,30166600
2015-10-28,42.750000,42.840000,42.209999,42.730000,35.697861,13667300
2015-10-29,42.660000,42.900002,42.340000,42.790001,35.747986,9427400
2015-10-30,42.799999,42.860001,42.349998,42.349998,35.380394,15356200
2015-11-02,42.320000,42.360001,41.900002,42.240002,35.288498,16252200
2015-11-03,42.180000,42.320000,41.810001,42.160000,35.221657,9693100
2015-11-04,42.270000,42.389999,41.889999,41.970001,35.062935,10488500
2015-11-05,42.000000,42.349998,41.980000,42.330002,35.363678,9625100
2015-11-06,41.970001,42.220001,41.610001,41.959999,35.054577,11926700
2015-11-09,41.700001,41.790001,41.340000,41.540001,34.703701,10842700
2015-11-10,41.439999,41.810001,41.430000,41.770000,34.895851,8283100
2015-11-11,41.939999,42.200001,41.919998,42.040001,35.121414,9101200
2015-11-12,42.009998,42.049999,41.570000,41.580002,34.737122,10725000
2015-11-13,41.459999,41.779999,41.360001,41.380001,34.570026,11619500
2015-11-16,41.430000,42.000000,41.389999,41.959999,35.054577,11244900
2015-11-17,41.849998,42.150002,41.509998,41.669998,34.812298,12739400
2015-11-18,41.770000,42.349998,41.680000,42.279999,35.321911,12966300
2015-11-19,42.320000,43.299999,42.320000,43.110001,36.015320,24090700
2015-11-20,43.310001,43.580002,42.400002,42.430000,35.447224,19780800
2015-11-23,42.549999,43.180000,42.529999,42.959999,35.889999,13338100
2015-11-24,42.700001,43.599998,42.660000,43.360001,36.224171,15767200
2015-11-25,43.320000,43.500000,43.240002,43.360001,36.224171,10344900
2015-11-27,43.040001,43.240002,42.799999,43.150002,36.325207,7236700
2015-11-30,43.119999,43.150002,42.610001,42.619999,35.879021,16063000
2015-12-01,42.730000,43.099998,42.730000,42.889999,36.106316,11153000
2015-12-02,42.830002,42.930000,42.590000,42.770000,36.005299,12598500
2015-12-03,42.730000,42.889999,42.320000,42.459999,35.744331,15004400
2015-12-04,42.580002,43.480000,42.580002,43.290001,36.443043,16488000
2015-12-07,43.310001,43.439999,43.000000,43.200001,36.367290,12030700
2015-12-08,43.049999,43.250000,42.799999,43.009998,36.207340,10736200
2015-12-09,42.779999,43.270000,42.500000,42.660000,35.912689,12945500
2015-12-10,42.730000,43.070000,42.529999,42.759998,35.996880,15483300
2015-12-11,42.630001,42.830002,42.139999,42.270000,35.584381,17313400
2015-12-14,42.310001,42.759998,41.970001,42.450001,35.735909,20092900
2015-12-15,42.840000,43.240002,42.759998,43.070000,36.257854,17916400
2015-12-16,43.250000,43.910000,43.250000,43.840000,36.906063,21868600
2015-12-17,43.810001,43.889999,43.419998,43.490002,36.611420,14697000
2015-12-18,43.360001,43.419998,42.500000,42.500000,35.777996,24583700
2015-12-21,42.820000,42.939999,42.459999,42.779999,36.013718,10444400
2015-12-22,42.860001,43.389999,42.709999,43.290001,36.443043,12280800
2015-12-23,43.389999,43.730000,43.349998,43.669998,36.762947,9092300
2015-12-24,43.490002,43.720001,43.419998,43.540001,36.653511,3036600
2015-12-28,43.439999,43.520000,43.310001,43.490002,36.611420,6326100
2015-12-29,43.540001,43.779999,43.500000,43.709999,36.796635,7739800
2015-12-30,43.750000,43.770000,43.450001,43.570000,36.678772,5112500
2015-12-31,43.299999,43.340000,42.869999,42.959999,36.165245,9727900
2016-01-04,42.340000,42.500000,41.970001,42.400002,35.693829,16084100
2016-01-05,42.310001,42.630001,42.169998,42.549999,35.820095,15781900
2016-01-06,42.200001,42.509998,42.040001,42.320000,35.626476,16245100
2016-01-07,41.650002,42.110001,41.450001,41.619999,35.037189,20563600
2016-01-08,41.650002,42.119999,41.410000,41.509998,34.944588,14645900
2016-01-11,41.580002,41.860001,41.290001,41.580002,35.003521,15815200
2016-01-12,42.299999,42.450001,41.869999,42.119999,35.458099,21814800
2016-01-13,42.169998,42.570000,41.790001,41.849998,35.230816,16854300
2016-01-14,41.990002,42.169998,41.639999,41.880001,35.256058,16028000
2016-01-15,40.950001,41.590000,40.930000,41.500000,34.936169,21153600
2016-01-19,41.770000,42.119999,41.650002,41.919998,35.289738,15462200
2016-01-20,41.450001,41.619999,40.750000,41.380001,34.835148,19923500
2016-01-21,41.450001,41.509998,41.090000,41.389999,34.843563,15568900
2016-01-22,41.639999,42.240002,41.450001,42.060001,35.407593,15209200
2016-01-25,42.240002,42.500000,41.930000,42.160000,35.491779,12505200
2016-01-26,42.160000,42.500000,41.930000,42.080002,35.424419,13018500
2016-01-27,42.180000,42.459999,41.810001,42.090000,35.432850,14167000
2016-01-28,42.180000,42.720001,42.060001,42.570000,35.836929,16622800
2016-01-29,42.860001,43.259998,42.650002,42.919998,36.131569,20457000
2016-02-01,42.599998,43.150002,42.570000,43.000000,36.198917,17097800
2016-02-02,42.700001,42.790001,42.410000,42.439999,35.727497,12332900
2016-02-03,42.799999,42.939999,42.279999,42.720001,35.963203,15958300
2016-02-04,42.520000,42.889999,42.400002,42.529999,35.803249,14413700
2016-02-05,42.930000,42.990002,42.259998,42.439999,35.727497,17315700
2016-02-08,42.169998,42.700001,41.900002,42.650002,35.904282,17254400
2016-02-09,42.259998,43.490002,42.259998,43.299999,36.451477,24853800
2016-02-10,43.340000,43.389999,42.509998,42.549999,35.820095,16729600
2016-02-11,42.029999,42.610001,41.980000,42.410000,35.702236,16825300
2016-02-12,42.720001,43.139999,42.560001,43.110001,36.291527,15222400
2016-02-16,43.320000,43.459999,43.020000,43.360001,36.501980,12675900
2016-02-17,43.419998,43.619999,43.279999,43.490002,36.611420,12332500
2016-02-18,43.630001,43.730000,43.299999,43.610001,36.712444,11170300
2016-02-19,43.580002,43.770000,43.279999,43.770000,36.847141,12850000
2016-02-22,43.770000,44.160000,43.630001,43.939999,36.990250,20716100
2016-02-23,43.740002,44.049999,43.660000,43.689999,36.779781,11166400
2016-02-24,43.560001,43.939999,43.369999,43.910000,36.964989,10844200
2016-02-25,43.959999,44.180000,43.869999,44.160000,37.175449,10903300
2016-02-26,44.040001,44.060001,43.110001,43.139999,36.316772,18421000
2016-02-29,43.169998,43.610001,42.919998,43.130001,36.308357,15049800
2016-03-01,43.380001,43.689999,43.169998,43.689999,36.779781,12358300
2016-03-02,43.470001,43.770000,43.419998,43.770000,36.847141,12856300
2016-03-03,43.610001,43.980000,43.540001,43.959999,37.007076,13134800
2016-03-04,43.779999,44.150002,43.680000,44.110001,37.133358,13691500
2016-03-07,43.910000,44.139999,43.860001,44.009998,37.049171,10695300
2016-03-08,43.919998,44.470001,43.810001,44.320000,37.310146,18900200
2016-03-09,44.389999,44.830002,44.290001,44.810001,37.722645,18466600
2016-03-10,44.840000,45.259998,44.680000,45.230000,38.076214,28908600
2016-03-11,45.000000,45.250000,44.930000,45.200001,38.347702,16129300
2016-03-14,45.040001,45.419998,45.040001,45.290001,38.424057,13206700
2016-03-15,45.080002,45.560001,45.070000,45.240002,38.381638,13686300
2016-03-16,45.049999,45.169998,44.549999,45.049999,38.220440,15386100
2016-03-17,45.049999,45.910000,44.970001,45.770000,38.831299,24080000
2016-03-18,45.840000,45.869999,45.389999,45.599998,38.687057,23853400
2016-03-21,45.419998,45.869999,45.360001,45.669998,38.746452,9740400
2016-03-22,45.549999,45.730000,45.389999,45.500000,38.602215,13788300
2016-03-23,45.400002,45.709999,45.349998,45.459999,38.568287,9292100
2016-03-24,45.450001,45.599998,45.189999,45.580002,38.670101,10890200
2016-03-28,45.560001,45.930000,45.509998,45.799999,38.856731,13306600
2016-03-29,45.860001,46.509998,45.810001,46.480000,39.433651,25010400
2016-03-30,46.630001,46.730000,46.330002,46.580002,39.518505,14312200
2016-03-31,46.549999,46.880001,46.320000,46.389999,39.357296,15544500
2016-04-01,46.139999,46.869999,46.110001,46.830002,39.730591,14922900
2016-04-04,46.840000,46.930000,46.500000,46.889999,39.781498,10629800
2016-04-05,46.619999,46.810001,46.439999,46.529999,39.476078,10696700
2016-04-06,46.570000,46.730000,46.380001,46.709999,39.628784,9122700
2016-04-07,46.500000,46.580002,46.160000,46.360001,39.331848,9292000
2016-04-08,46.439999,46.980000,46.439999,46.869999,39.764538,11959300
2016-04-11,46.900002,47.130001,46.410000,46.439999,39.399723,11880100
2016-04-12,46.410000,46.759998,46.349998,46.650002,39.577881,11219100
2016-04-13,46.770000,46.779999,45.820000,46.040001,39.060360,13234100
2016-04-14,46.060001,46.220001,45.750000,45.830002,38.882191,12982200
2016-04-15,45.820000,46.160000,45.680000,46.099998,39.111259,13647800
2016-04-18,46.099998,46.279999,45.820000,46.220001,39.213078,11538100
2016-04-19,46.310001,46.619999,46.150002,46.599998,39.535454,14418300
2016-04-20,45.340000,45.380001,44.060001,44.369999,37.643528,40360300
2016-04-21,44.259998,44.279999,42.869999,43.660000,37.041168,37206900
2016-04-22,43.790001,44.660000,43.790001,44.540001,37.787766,25134200
2016-04-25,44.500000,44.720001,44.380001,44.709999,37.931984,11173800
2016-04-26,44.919998,44.959999,44.430000,44.529999,37.779278,13935500
2016-04-27,44.639999,44.860001,44.250000,44.680000,37.906540,11335500
2016-04-28,44.500000,44.900002,44.459999,44.630001,37.864113,10932500
2016-04-29,44.529999,44.860001,44.500000,44.799999,38.008331,11716000
2016-05-02,44.570000,45.189999,44.570000,44.980000,38.161049,12577500
2016-05-03,44.869999,45.070000,44.650002,44.840000,38.042278,10420500
2016-05-04,44.720001,45.110001,44.509998,44.980000,38.161049,9350500
2016-05-05,44.930000,45.490002,44.869999,45.060001,38.228928,8801100
2016-05-06,45.060001,45.410000,44.919998,45.320000,38.449516,8564000
2016-05-09,45.320000,45.500000,45.169998,45.240002,38.381638,8110600
2016-05-10,45.439999,45.840000,45.419998,45.750000,38.814320,8933500
2016-05-11,45.730000,45.880001,45.450001,45.459999,38.568287,8833100
2016-05-12,45.549999,45.900002,45.490002,45.830002,38.882191,10463400
2016-05-13,45.750000,45.830002,45.230000,45.349998,38.474960,10341200
2016-05-16,45.160000,45.730000,45.139999,45.619999,38.704029,9413600
2016-05-17,45.450001,45.560001,44.709999,44.750000,37.965912,17457000
2016-05-18,44.560001,44.830002,44.230000,44.480000,37.736851,12524300
2016-05-19,44.250000,44.389999,44.040001,44.320000,37.601109,10659500
2016-05-20,44.509998,44.540001,43.939999,43.950001,37.287201,12914100
2016-05-23,44.070000,44.160000,43.939999,43.970001,37.304169,13554700
2016-05-24,44.099998,44.419998,44.000000,44.369999,37.643528,12634200
2016-05-25,44.509998,44.630001,44.250000,44.380001,37.652012,9218100
2016-05-26,44.529999,44.770000,44.439999,44.689999,37.915016,8695800
2016-05-27,44.709999,44.959999,44.650002,44.779999,37.991375,7893900
2016-05-31,44.980000,44.980000,44.259998,44.599998,37.838657,18935200
2016-06-01,44.599998,44.779999,44.490002,44.700001,37.923508,8916000
2016-06-02,44.700001,44.720001,44.500000,44.720001,37.940468,6693900
2016-06-03,44.750000,45.049999,44.680000,45.040001,38.211960,13434900
2016-06-06,45.090000,45.480000,45.080002,45.369999,38.491932,10310600
2016-06-07,45.349998,45.480000,45.200001,45.320000,38.449516,9812600
2016-06-08,45.240002,45.660000,45.189999,45.549999,38.644646,7915400
2016-06-09,45.330002,45.799999,45.310001,45.759998,38.822803,8042900
2016-06-10,45.619999,46.009998,45.560001,45.990002,39.017937,12357000
2016-06-13,45.480000,45.669998,45.090000,45.119999,38.573391,10613500
2016-06-14,44.849998,45.130001,44.439999,45.040001,38.504997,11298200
2016-06-15,45.119999,45.340000,44.880001,45.009998,38.479347,8360400
2016-06-16,44.869999,45.340000,44.720001,45.310001,38.735821,11305400
2016-06-17,45.169998,45.220001,44.380001,44.790001,38.291267,20805400
2016-06-20,45.090000,45.310001,44.959999,44.980000,38.453693,10712400
2016-06-21,45.160000,45.279999,45.000000,45.130001,38.581940,7919400
2016-06-22,45.250000,45.330002,44.810001,44.860001,38.351109,10738900
2016-06-23,45.029999,45.169998,44.840000,45.080002,38.539188,9655300
2016-06-24,44.200001,44.560001,43.820000,43.930000,37.556049,26003700
2016-06-27,43.669998,43.889999,43.320000,43.779999,37.427814,15779500
2016-06-28,44.060001,44.189999,43.669998,44.180000,37.769779,16509800
2016-06-29,44.389999,44.709999,44.240002,44.439999,37.992046,12250900
2016-06-30,44.520000,45.330002,44.490002,45.330002,38.752914,16056500
2016-07-01,45.330002,45.410000,45.070000,45.119999,38.573391,11799700
2016-07-05,45.160000,45.669998,45.150002,45.430000,38.838406,12339100
2016-07-06,45.500000,45.549999,44.919998,45.270000,38.701618,10902600
2016-07-07,45.419998,45.520000,44.970001,45.090000,38.547737,9741100
2016-07-08,45.299999,45.520000,45.070000,45.380001,38.795662,11127100
2016-07-11,45.349998,45.770000,45.110001,45.570000,38.958096,10937800
2016-07-12,45.639999,45.709999,45.180000,45.580002,38.966648,9739000
2016-07-13,45.610001,45.759998,45.430000,45.740002,39.103428,8028400
2016-07-14,45.730000,45.939999,45.580002,45.689999,39.060677,7621200
2016-07-15,45.880001,45.900002,45.439999,45.630001,39.009384,10621000
2016-07-18,45.689999,45.700001,45.480000,45.630001,39.009384,7958300
2016-07-19,45.459999,45.709999,45.430000,45.630001,39.009384,7761100
2016-07-20,45.750000,45.770000,45.389999,45.509998,38.906799,8478200
2016-07-21,45.340000,45.509998,45.259998,45.450001,38.855507,8045100
2016-07-22,45.500000,45.840000,45.459999,45.830002,39.180367,8836100
2016-07-25,45.810001,45.830002,45.470001,45.570000,38.958096,9134300
2016-07-26,45.529999,45.650002,44.830002,44.880001,38.368217,15819900
2016-07-27,43.900002,44.060001,43.099998,43.400002,37.102947,37461100
2016-07-28,43.270000,43.689999,43.220001,43.650002,37.316677,13077800
2016-07-29,43.720001,43.750000,43.480000,43.630001,37.299572,16530500
2016-08-01,43.689999,43.830002,43.430000,43.450001,37.145691,12349700
2016-08-02,43.349998,43.580002,43.310001,43.529999,37.214081,12825200
2016-08-03,43.660000,43.700001,43.369999,43.639999,37.308113,12119100
2016-08-04,43.560001,43.799999,43.400002,43.509998,37.196987,11244100
2016-08-05,43.650002,43.750000,43.410000,43.480000,37.171341,10398200
2016-08-08,43.430000,43.520000,43.220001,43.439999,37.137131,8680300
2016-08-09,43.500000,43.639999,43.380001,43.470001,37.162785,7281300
2016-08-10,43.639999,43.689999,43.500000,43.610001,37.282475,8412100
2016-08-11,43.720001,43.869999,43.619999,43.750000,37.402161,11303300
2016-08-12,43.910000,44.189999,43.790001,44.029999,37.641541,10928900
2016-08-15,44.099998,44.330002,44.009998,44.240002,37.821068,10390600
2016-08-16,44.250000,44.250000,43.830002,43.830002,37.470558,9706100
2016-08-17,44.009998,44.070000,43.779999,44.060001,37.667191,11208500
2016-08-18,44.009998,44.259998,44.000000,44.099998,37.701382,9144300
2016-08-19,44.049999,44.060001,43.740002,43.919998,37.547497,9385900
2016-08-22,43.939999,43.950001,43.730000,43.740002,37.393608,8687500
2016-08-23,43.849998,43.980000,43.740002,43.849998,37.487644,8421100
2016-08-24,43.820000,43.939999,43.660000,43.849998,37.487644,11508900
2016-08-25,43.849998,43.939999,43.630001,43.669998,37.333767,9815700
2016-08-26,43.720001,43.919998,43.310001,43.320000,37.034561,11824900
2016-08-29,43.340000,43.610001,43.330002,43.540001,37.222641,9544600
2016-08-30,43.459999,43.529999,43.119999,43.240002,36.966164,9720100
2016-08-31,43.430000,43.459999,43.080002,43.430000,37.128590,10217900
2016-09-01,43.209999,43.410000,43.200001,43.349998,37.060207,8457800
2016-09-02,43.520000,43.830002,43.470001,43.660000,37.325226,9026000
2016-09-06,43.740002,43.799999,43.400002,43.790001,37.436359,8600400
2016-09-07,43.720001,43.799999,43.529999,43.639999,37.308113,8656600
2016-09-08,43.669998,43.730000,43.450001,43.630001,37.299572,10020400
2016-09-09,43.430000,43.430000,42.270000,42.270000,36.136906,23624200
2016-09-12,42.360001,43.230000,42.340000,43.189999,36.923416,15932300
2016-09-13,42.770000,42.770000,42.209999,42.279999,36.440750,12962700
2016-09-14,42.270000,42.410000,41.990002,42.110001,36.294239,9823900
2016-09-15,42.009998,42.389999,41.880001,42.360001,36.509712,10158500
2016-09-16,42.169998,42.259998,41.970001,42.139999,36.320084,16354000
2016-09-19,42.160000,42.369999,42.080002,42.099998,36.285618,7659900
2016-09-20,42.310001,42.529999,42.240002,42.340000,36.492481,8407200
2016-09-21,42.279999,42.610001,42.099998,42.529999,36.656227,13654700
2016-09-22,42.709999,43.009998,42.689999,42.959999,37.026840,9288300
2016-09-23,42.810001,42.939999,42.650002,42.740002,36.837231,8852700
2016-09-26,42.709999,42.720001,42.009998,42.049999,36.242519,15036000
2016-09-27,42.189999,42.630001,42.000000,42.590000,36.707951,11920400
2016-09-28,42.630001,42.759998,42.029999,42.150002,36.328720,15523800
2016-09-29,42.020000,42.389999,41.849998,42.029999,36.225277,12671700
2016-09-30,42.209999,42.500000,42.060001,42.320000,36.475235,14375700
2016-10-03,42.310001,42.310001,41.889999,42.029999,36.225277,11152800
2016-10-04,42.340000,42.340000,41.779999,41.840000,36.061527,13682700
2016-10-05,41.930000,42.070000,41.669998,41.810001,36.035675,9607300
2016-10-06,41.680000,41.939999,41.580002,41.709999,35.949482,9722900
2016-10-07,41.830002,41.939999,41.570000,41.730000,35.966721,8122800
2016-10-10,41.919998,41.990002,41.599998,41.730000,35.966721,8983600
2016-10-11,41.660000,41.700001,41.400002,41.540001,35.802963,12249100
2016-10-12,41.630001,41.840000,41.500000,41.779999,36.009808,12216300
2016-10-13,41.650002,41.889999,41.509998,41.759998,35.992577,17655600
2016-10-14,41.849998,41.910000,41.619999,41.669998,35.915001,9893800
2016-10-17,41.730000,41.860001,41.570000,41.599998,35.854668,10792500
2016-10-18,41.810001,42.000000,41.730000,41.970001,36.173573,11297300
2016-10-19,41.930000,42.119999,41.810001,42.049999,36.242519,16367400
2016-10-20,41.970001,42.110001,41.889999,41.930000,36.139095,10620500
2016-10-21,41.849998,42.169998,41.680000,42.130001,36.311478,14401500
2016-10-24,42.320000,42.770000,42.250000,42.560001,36.682087,13439200
2016-10-25,42.639999,42.880001,42.430000,42.540001,36.664852,16484700
2016-10-26,43.000000,43.029999,42.410000,42.439999,36.578659,16886200
2016-10-27,42.630001,42.650002,41.900002,42.119999,36.302853,14537000
2016-10-28,42.259998,42.470001,42.099998,42.230000,36.397659,13398400
2016-10-31,42.119999,42.410000,42.119999,42.400002,36.544189,13327500
2016-11-01,42.400002,42.430000,41.910000,42.119999,36.302853,12223400
2016-11-02,42.099998,42.340000,42.009998,42.049999,36.242519,12034300
2016-11-03,42.220001,42.220001,41.959999,42.029999,36.225277,11258000
2016-11-04,41.849998,42.040001,41.689999,41.689999,35.932228,14464200
2016-11-07,42.040001,42.500000,42.040001,42.459999,36.595898,14038500
2016-11-08,42.369999,42.980000,42.369999,42.880001,36.957901,12036600
2016-11-09,41.759998,42.320000,41.700001,42.270000,36.432148,21351000
2016-11-10,41.860001,42.259998,40.849998,40.939999,35.285824,33245500
2016-11-11,40.950001,41.130001,40.630001,41.029999,35.363392,13421000
2016-11-14,41.130001,41.419998,40.849998,41.169998,35.484058,19514200
2016-11-15,41.180000,41.520000,41.169998,41.439999,35.716766,16554000
2016-11-16,41.400002,41.650002,41.160000,41.259998,35.561626,12681400
2016-11-17,41.279999,41.299999,41.000000,41.119999,35.440968,12398800
2016-11-18,41.029999,41.200001,40.900002,40.910000,35.259964,16345300
2016-11-21,40.910000,41.360001,40.730000,41.360001,35.647820,12307000
2016-11-22,41.450001,41.700001,41.240002,41.369999,35.656452,12743500
2016-11-23,41.220001,41.310001,41.029999,41.119999,35.440968,9281300
2016-11-25,41.389999,41.580002,41.240002,41.529999,35.794338,7402300
2016-11-28,41.509998,41.790001,41.270000,41.750000,35.983955,19424400
2016-11-29,41.520000,41.520000,41.139999,41.150002,35.766659,11421900
2016-11-30,41.000000,41.200001,40.349998,40.349998,35.071316,22410400
2016-12-01,40.310001,40.389999,39.880001,40.169998,34.914864,20409900
2016-12-02,40.299999,40.490002,40.189999,40.360001,35.080006,11176300
2016-12-05,40.340000,40.689999,40.310001,40.619999,35.305996,15977800
2016-12-06,40.750000,40.770000,40.419998,40.570000,35.262543,11303500
2016-12-07,40.540001,41.290001,40.509998,41.290001,35.888344,13726500
2016-12-08,41.070000,41.209999,40.849998,40.980000,35.618896,13077100
2016-12-09,41.500000,42.220001,41.290001,42.000000,36.505466,28125800
2016-12-12,42.000000,42.009998,41.720001,41.900002,36.418545,17561900
2016-12-13,41.720001,41.959999,41.540001,41.759998,36.296860,18986000
2016-12-14,41.889999,41.990002,41.060001,41.209999,35.818813,17937900
2016-12-15,41.099998,41.810001,41.099998,41.549999,36.114326,14265300
2016-12-16,41.610001,41.759998,41.480000,41.740002,36.279465,19675200
2016-12-19,41.689999,41.799999,41.580002,41.669998,36.218628,8687300
2016-12-20,41.700001,41.720001,41.439999,41.660000,36.209938,10603500
2016-12-21,41.599998,41.830002,41.520000,41.570000,36.131714,9693600
2016-12-22,41.570000,41.619999,41.080002,41.549999,36.114326,11894100
2016-12-23,41.619999,41.689999,41.349998,41.599998,36.157787,6436600
2016-12-27,41.560001,41.759998,41.540001,41.610001,36.166485,6999200
2016-12-28,41.490002,41.669998,41.389999,41.389999,35.975262,8988000
2016-12-29,41.380001,41.689999,41.380001,41.599998,36.157787,6875300
2016-12-30,41.689999,41.840000,41.349998,41.459999,36.036110,11470200
2017-01-03,41.500000,41.810001,41.279999,41.799999,36.331627,14711000
2017-01-04,41.880001,41.970001,41.590000,41.650002,36.201244,9959400
2017-01-05,41.660000,41.860001,41.529999,41.750000,36.288166,8968300
2017-01-06,41.700001,41.810001,41.540001,41.740002,36.279465,10246600
2017-01-09,41.230000,41.580002,41.209999,41.320000,35.914421,14822500
2017-01-10,41.439999,41.439999,40.860001,41.040001,35.671051,19706800
2017-01-11,40.849998,41.119999,40.830002,41.049999,35.679733,9266200
2017-01-12,41.009998,41.040001,40.799999,40.950001,35.592819,8541200
2017-01-13,41.000000,41.040001,40.689999,40.880001,35.531979,8123500
2017-01-17,40.840000,41.299999,40.799999,41.220001,35.827503,12469400
2017-01-18,41.250000,41.380001,41.139999,41.290001,35.888344,10390500
2017-01-19,41.139999,41.290001,41.029999,41.139999,35.757969,10987100
2017-01-20,41.270000,41.439999,41.130001,41.320000,35.914421,14695400
2017-01-23,41.310001,41.500000,41.209999,41.430000,36.010033,11628900
2017-01-24,41.470001,41.970001,41.470001,41.900002,36.418545,17040100
2017-01-25,41.939999,42.250000,41.900002,42.119999,36.609760,12538200
2017-01-26,42.029999,42.110001,41.790001,41.810001,36.340324,8976800
2017-01-27,41.910000,41.950001,41.419998,41.450001,36.027409,12967400
2017-01-30,41.299999,41.480000,41.209999,41.380001,35.966568,11626200
2017-01-31,41.389999,41.689999,41.360001,41.570000,36.131714,12678000
2017-02-01,41.520000,41.660000,41.250000,41.259998,35.862267,11136100
2017-02-02,41.410000,41.490002,41.250000,41.400002,35.983952,9459700
2017-02-03,41.580002,41.790001,41.459999,41.540001,36.105644,11882400
2017-02-06,41.529999,41.669998,41.400002,41.560001,36.123024,15742800
2017-02-07,41.700001,41.980000,41.669998,41.900002,36.418545,13315200
2017-02-08,41.910000,42.150002,41.840000,42.020000,36.522842,14219700
2017-02-09,42.020000,42.020000,40.720001,41.250000,35.853577,27240300
2017-02-10,41.020000,41.200001,40.549999,40.580002,35.271240,28847300
2017-02-13,40.770000,40.830002,40.500000,40.619999,35.305996,23617100
2017-02-14,40.380001,40.599998,40.220001,40.529999,35.227768,32177800
2017-02-15,40.419998,40.630001,40.400002,40.439999,35.149544,26600800
2017-02-16,40.549999,41.279999,40.500000,41.200001,35.810116,22214800
2017-02-17,41.130001,41.360001,41.049999,41.230000,35.836189,15065100
2017-02-21,41.200001,41.500000,41.200001,41.459999,36.036110,17072600
2017-02-22,41.509998,41.680000,41.400002,41.599998,36.157787,11186800
2017-02-23,41.669998,42.000000,41.619999,41.660000,36.209938,12856800
2017-02-24,41.700001,41.910000,41.599998,41.779999,36.314240,13215300
2017-02-27,41.750000,41.750000,41.590000,41.669998,36.218628,12186400
2017-02-28,41.680000,42.070000,41.639999,41.959999,36.470692,15946800
2017-03-01,42.009998,42.349998,41.880001,42.160000,36.644531,14662000
2017-03-02,42.080002,42.560001,42.070000,42.470001,36.913971,15507600
2017-03-03,42.470001,42.490002,42.250000,42.480000,36.922665,11740000
2017-03-06,42.340000,42.430000,42.119999,42.180000,36.661911,16307800
2017-03-07,42.000000,42.240002,41.950001,41.990002,36.496758,11273700
2017-03-08,42.000000,42.029999,41.740002,41.990002,36.496758,14636000
2017-03-09,42.090000,42.110001,41.919998,42.029999,36.531528,14496400
2017-03-10,42.230000,42.400002,42.150002,42.290001,36.757530,16369700
2017-03-13,41.919998,42.119999,41.840000,42.029999,36.853973,12831500
2017-03-14,41.980000,42.099998,41.830002,41.970001,36.801369,9844500
2017-03-15,41.980000,42.279999,41.970001,42.119999,36.932892,22757800
2017-03-16,42.029999,42.389999,41.900002,42.250000,37.046883,16004200
2017-03-17,42.279999,42.349998,42.009998,42.029999,36.853973,37526500
2017-03-20,42.099998,42.340000,42.070000,42.180000,36.985500,11484200
2017-03-21,42.310001,42.630001,42.209999,42.500000,37.266094,17187300
2017-03-22,42.560001,42.700001,42.250000,42.380001,37.160877,11605500
2017-03-23,42.209999,42.389999,42.060001,42.169998,36.976734,11503300
2017-03-24,42.230000,42.250000,41.910000,42.119999,36.932892,13804400
2017-03-27,42.110001,42.340000,42.049999,42.320000,37.108269,12387400
2017-03-28,42.240002,42.560001,42.240002,42.430000,37.204720,14123800
2017-03-29,42.509998,42.529999,42.290001,42.419998,37.195946,9580100
2017-03-30,42.349998,42.619999,42.259998,42.599998,37.353779,11999900
2017-03-31,42.549999,42.650002,42.430000,42.439999,37.213490,11551800
2017-04-03,42.580002,42.630001,42.270000,42.410000,37.187180,11240000
2017-04-04,42.509998,42.689999,42.369999,42.680000,37.423939,10946200
2017-04-05,42.650002,42.860001,42.529999,42.570000,37.327473,10142800
2017-04-06,42.580002,42.759998,42.470001,42.669998,37.415154,14597800
2017-04-07,42.639999,42.740002,42.509998,42.610001,37.362553,11028800
2017-04-10,42.730000,42.799999,42.560001,42.689999,37.432693,9426900
2017-04-11,42.680000,42.750000,42.520000,42.660000,37.406384,8909400
2017-04-12,42.540001,42.990002,42.509998,42.939999,37.651909,13417200
2017-04-13,42.869999,43.080002,42.779999,42.790001,37.520378,9891900
2017-04-17,42.790001,43.070000,42.779999,43.070000,37.765900,11318100
2017-04-18,43.110001,43.590000,43.090000,43.480000,38.125408,13181600
2017-04-19,43.740002,43.790001,43.189999,43.230000,37.906193,13893100
2017-04-20,43.200001,43.299999,43.049999,43.090000,37.783440,10838300
2017-04-21,42.980000,43.099998,42.889999,43.070000,37.765900,13833800
2017-04-24,43.240002,43.430000,43.150002,43.279999,37.950039,16703800
2017-04-25,42.849998,43.430000,42.820000,43.110001,37.800976,18745100
2017-04-26,43.060001,43.430000,42.980000,43.240002,37.914963,13626600
2017-04-27,43.169998,43.279999,42.919998,43.009998,37.713287,10386200
2017-04-28,42.959999,43.200001,42.849998,43.150002,37.836048,10337800
2017-05-01,43.150002,43.500000,43.099998,43.220001,37.897427,13208200
2017-05-02,43.220001,43.439999,43.160000,43.389999,38.046486,11823900
2017-05-03,43.330002,43.490002,43.150002,43.320000,37.985115,10389000
2017-05-04,43.419998,43.810001,43.400002,43.660000,38.283241,10193100
2017-05-05,43.790001,43.840000,43.560001,43.689999,38.309540,8133000
2017-05-08,43.590000,43.910000,43.540001,43.889999,38.484909,14284300
2017-05-09,43.889999,43.889999,43.380001,43.509998,38.151714,8694400
2017-05-10,43.480000,43.619999,43.360001,43.570000,38.204327,7597700
2017-05-11,43.490002,43.680000,43.430000,43.669998,38.292004,6860100
2017-05-12,43.639999,43.680000,43.459999,43.590000,38.221863,7275800
2017-05-15,43.459999,43.759998,43.459999,43.730000,38.344624,8493000
2017-05-16,43.869999,44.110001,43.770000,43.849998,38.449833,10454100
2017-05-17,43.849998,44.169998,43.709999,43.930000,38.519993,14538800
2017-05-18,43.869999,43.959999,43.639999,43.799999,38.405994,13832200
2017-05-19,43.849998,44.000000,43.759998,43.900002,38.493687,11796800
2017-05-22,43.889999,44.220001,43.810001,44.180000,38.739204,12857900
2017-05-23,44.250000,44.599998,44.209999,44.389999,38.923344,11996100
2017-05-24,44.509998,45.090000,44.509998,45.029999,39.484524,12738300
2017-05-25,45.000000,45.480000,44.970001,45.410000,39.817722,16704200
2017-05-26,45.349998,45.560001,45.330002,45.389999,39.800198,11341400
2017-05-30,45.160000,45.459999,45.110001,45.430000,39.835266,13093500
2017-05-31,45.430000,45.700001,45.369999,45.470001,39.870338,14148000
2017-06-01,45.450001,45.790001,45.230000,45.790001,40.150925,11049300
2017-06-02,45.830002,45.889999,45.610001,45.889999,40.238621,9923700
2017-06-05,45.779999,45.990002,45.689999,45.990002,40.326302,10015200
2017-06-06,45.900002,46.060001,45.779999,45.980000,40.317535,9836700
2017-06-07,45.500000,45.700001,45.349998,45.509998,39.905411,12776300
2017-06-08,45.509998,45.509998,45.029999,45.130001,39.572212,12879000
2017-06-09,45.060001,45.349998,44.970001,45.320000,39.738815,9358800
2017-06-12,45.320000,45.480000,45.200001,45.330002,39.747578,11228500
2017-06-13,45.000000,45.110001,44.799999,45.029999,39.809464,10023400
2017-06-14,45.180000,45.470001,45.160000,45.299999,40.048157,11497500
2017-06-15,45.180000,45.340000,45.040001,45.250000,40.003956,9908700
2017-06-16,45.310001,45.349998,45.009998,45.310001,40.056999,27025300
2017-06-19,45.349998,45.380001,45.099998,45.380001,40.118893,7624700
2017-06-20,45.349998,45.869999,45.320000,45.610001,40.322220,14920900
2017-06-21,45.619999,45.680000,45.169998,45.220001,39.977436,9515800
2017-06-22,45.169998,45.279999,45.029999,45.070000,39.844833,7446300
2017-06-23,45.049999,45.380001,45.029999,45.250000,40.003956,9544800
2017-06-26,45.320000,45.509998,45.299999,45.430000,40.163090,7747100
2017-06-27,45.340000,45.400002,45.000000,45.049999,39.827145,11432200
2017-06-28,45.250000,45.500000,45.230000,45.320000,40.065853,9218800
2017-06-29,45.130001,45.240002,44.650002,44.830002,39.632648,9283500
2017-06-30,44.889999,45.119999,44.849998,44.849998,39.650330,9352800
2017-07-03,45.110001,45.270000,44.759998,44.759998,39.570763,6434500
2017-07-05,44.790001,44.990002,44.730000,44.820000,39.623806,6853600
2017-07-06,44.720001,44.849998,44.290001,44.400002,39.252506,13113000
2017-07-07,44.470001,44.520000,44.240002,44.389999,39.243664,9566000
2017-07-10,44.450001,44.580002,44.230000,44.380001,39.234825,9672000
2017-07-11,44.320000,44.480000,44.150002,44.330002,39.190617,10300700
2017-07-12,44.590000,44.770000,44.439999,44.509998,39.349751,7737400
2017-07-13,44.490002,44.529999,44.369999,44.430000,39.279022,6371900
2017-07-14,44.520000,44.720001,44.500000,44.680000,39.500042,8558700
2017-07-17,44.660000,44.790001,44.610001,44.730000,39.544243,7189200
2017-07-18,44.779999,44.849998,44.619999,44.669998,39.491199,9037200
2017-07-19,44.669998,44.840000,44.549999,44.830002,39.632648,6986900
2017-07-20,44.900002,44.980000,44.750000,44.820000,39.623806,7430300
2017-07-21,44.779999,45.070000,44.669998,45.029999,39.809464,8545600
2017-07-24,45.040001,45.049999,44.830002,44.840000,39.641491,9103600
2017-07-25,45.020000,45.290001,44.939999,45.240002,39.995121,14096300
2017-07-26,44.549999,45.790001,44.310001,45.740002,40.437153,13608900
2017-07-27,45.799999,46.430000,45.700001,46.119999,40.773098,15195200
2017-07-28,46.000000,46.119999,45.730000,46.009998,40.675842,11945300
2017-07-31,46.000000,46.080002,45.790001,45.840000,40.525558,13622900
2017-08-01,45.970001,46.060001,45.650002,45.700001,40.401794,10306800
2017-08-02,45.599998,46.000000,45.380001,45.590000,40.304543,10187900
2017-08-03,45.650002,45.950001,45.630001,45.669998,40.375263,14261400
2017-08-04,45.669998,45.759998,45.470001,45.500000,40.224979,9523600
2017-08-07,45.520000,45.759998,45.500000,45.639999,40.348743,6226300
2017-08-08,45.639999,45.820000,45.549999,45.599998,40.313377,5747900
2017-08-09,45.560001,45.660000,45.330002,45.590000,40.304543,9635300
2017-08-10,45.560001,45.840000,45.459999,45.740002,40.437153,8901600
2017-08-11,45.860001,45.900002,45.570000,45.590000,40.304543,8357600
2017-08-14,45.669998,45.939999,45.619999,45.799999,40.490192,8421200
2017-08-15,45.799999,46.250000,45.799999,46.189999,40.834976,9638100
2017-08-16,46.150002,46.340000,46.119999,46.200001,40.843819,8087300
2017-08-17,46.119999,46.330002,45.849998,45.860001,40.543243,8477000
2017-08-18,45.799999,45.900002,45.630001,45.669998,40.375263,10879800
2017-08-21,45.669998,45.799999,45.560001,45.680000,40.384106,9429700
2017-08-22,45.700001,45.750000,45.540001,45.599998,40.313377,10536700
2017-08-23,45.630001,45.660000,45.439999,45.540001,40.260334,6528400
2017-08-24,45.540001,45.610001,45.310001,45.410000,40.145409,7534400
2017-08-25,45.599998,45.759998,45.560001,45.570000,40.286869,8807100
2017-08-28,45.630001,45.689999,45.380001,45.419998,40.154247,8024000
2017-08-29,45.400002,45.570000,45.250000,45.450001,40.180779,7762200
2017-08-30,45.360001,45.540001,45.290001,45.389999,40.127731,7134900
2017-08-31,45.400002,45.650002,45.340000,45.549999,40.269184,14264600
2017-09-01,45.639999,45.799999,45.540001,45.779999,40.472511,7391200
2017-09-05,45.750000,45.930000,45.650002,45.919998,40.596287,9916700
2017-09-06,45.980000,46.040001,45.790001,45.959999,40.631641,9238900
2017-09-07,46.009998,46.320000,45.959999,46.279999,40.914551,9418400
2017-09-08,46.189999,46.369999,46.020000,46.299999,40.932224,10534900
2017-09-11,46.349998,46.590000,46.220001,46.520000,41.126717,10430300
2017-09-12,46.500000,46.750000,46.450001,46.720001,41.303532,8567600
2017-09-13,46.680000,46.980000,46.650002,46.869999,41.436146,10218000
2017-09-14,46.400002,46.470001,45.939999,46.110001,41.088619,13768800
2017-09-15,46.299999,46.360001,46.000000,46.180000,41.150993,16141400
2017-09-18,46.150002,46.240002,45.910000,46.110001,41.088619,8535300
2017-09-19,46.139999,46.189999,45.889999,45.980000,40.972775,7297900
2017-09-20,45.759998,46.150002,45.549999,45.779999,40.794552,11026600
2017-09-21,45.709999,45.790001,45.360001,45.400002,40.455933,7555300
2017-09-22,45.450001,45.630001,45.369999,45.490002,40.536140,8024800
2017-09-25,45.500000,45.759998,45.349998,45.689999,40.714352,9215300
2017-09-26,45.689999,45.869999,45.560001,45.570000,40.607426,6480100
2017-09-27,45.470001,45.500000,44.380001,44.639999,39.778706,14816200
2017-09-28,44.669998,45.000000,44.650002,44.910000,40.019295,8789500
2017-09-29,44.860001,45.110001,44.790001,45.009998,40.108402,10082200
2017-10-02,45.049999,45.270000,44.750000,44.799999,39.921272,10707800
2017-10-03,44.860001,45.259998,44.759998,45.189999,40.268799,12038100
2017-10-04,45.110001,45.560001,44.939999,45.500000,40.545048,14060300
2017-10-05,45.509998,45.750000,45.500000,45.520000,40.562870,10215300
2017-10-06,45.389999,45.520000,45.279999,45.490002,40.536140,5437900
2017-10-09,45.549999,45.650002,45.340000,45.410000,40.464848,5268300
2017-10-10,45.599998,45.900002,45.529999,45.869999,40.874748,6310400
2017-10-11,45.880001,46.099998,45.869999,46.099998,41.079704,6638200
2017-10-12,45.980000,46.139999,45.939999,46.110001,41.088619,7710200
2017-10-13,46.250000,46.380001,46.150002,46.180000,41.150993,7126000
2017-10-16,46.119999,46.750000,46.099998,46.619999,41.543079,12708600
2017-10-17,46.529999,46.630001,46.310001,46.520000,41.453964,7699400
2017-10-18,46.410000,46.540001,46.240002,46.400002,41.347034,6272200
2017-10-19,46.369999,46.790001,46.320000,46.590000,41.516338,7515500
2017-10-20,46.580002,46.590000,46.279999,46.380001,41.329212,9646800
2017-10-23,46.380001,46.650002,46.230000,46.320000,41.275745,7153600
2017-10-24,46.259998,46.290001,45.950001,46.180000,41.150993,9539500
2017-10-25,46.369999,46.759998,45.930000,46.049999,41.035149,11994200
2017-10-26,46.320000,46.750000,46.220001,46.230000,41.195541,10569100
2017-10-27,46.130001,46.330002,45.910000,46.070000,41.052971,9988000
2017-10-30,46.000000,46.070000,45.820000,45.860001,40.865841,7201900
2017-10-31,45.919998,46.169998,45.840000,45.980000,40.972775,6560500
2017-11-01,45.750000,46.090000,45.630001,45.799999,40.812370,7067600
2017-11-02,45.810001,45.950001,45.750000,45.880001,40.883663,8317800
2017-11-03,45.970001,46.160000,45.919998,45.970001,40.963867,4730400
2017-11-06,45.910000,45.919998,45.419998,45.470001,40.518314,7451300
2017-11-07,45.410000,45.950001,45.310001,45.939999,40.937134,9868000
2017-11-08,45.980000,46.189999,45.869999,46.180000,41.150993,7586900
2017-11-09,46.119999,46.389999,46.020000,46.230000,41.195541,6532400
2017-11-10,46.200001,46.639999,46.139999,46.540001,41.471783,8022900
2017-11-13,46.599998,46.820000,46.540001,46.720001,41.632195,7653600
2017-11-14,46.709999,47.480000,46.619999,47.430000,42.264866,17200700
2017-11-15,47.320000,47.459999,46.779999,46.810001,41.712387,12419100
2017-11-16,46.950001,46.980000,46.509998,46.549999,41.480701,12506400
2017-11-17,46.340000,46.380001,45.250000,45.709999,40.732166,19720700
2017-11-20,45.650002,45.880001,45.419998,45.459999,40.509399,19160900
2017-11-21,45.560001,45.950001,45.540001,45.779999,40.794552,10280800
2017-11-22,45.889999,45.930000,45.540001,45.840000,40.848019,8434400
2017-11-24,45.889999,46.049999,45.860001,45.880001,40.883663,2996300
2017-11-27,45.880001,45.990002,45.810001,45.900002,40.901485,5649200
2017-11-28,45.990002,46.150002,45.779999,45.830002,40.839111,8432800
2017-11-29,45.770000,45.820000,45.209999,45.500000,40.545048,16502100
2017-11-30,45.139999,45.840000,45.029999,45.770000,41.120026,17147600
2017-12-01,45.799999,46.020000,45.209999,45.970001,41.299713,12468800
2017-12-04,45.990002,46.380001,45.770000,46.230000,41.533287,17523600
2017-12-05,46.250000,46.439999,46.060001,46.259998,41.560238,13670800
2017-12-06,46.360001,46.480000,46.259998,46.450001,41.730942,8154000
2017-12-07,46.290001,46.320000,45.720001,45.779999,41.129009,9106500
2017-12-08,45.700001,45.730000,45.049999,45.310001,40.706757,13238600
2017-12-11,45.310001,45.410000,44.919998,45.330002,40.724720,9698700
2017-12-12,45.250000,45.520000,45.060001,45.290001,40.688793,13999300
2017-12-13,45.450001,46.049999,45.400002,45.900002,41.236820,12418700
2017-12-14,45.810001,46.169998,45.799999,46.029999,41.353611,9029000
2017-12-15,46.290001,46.419998,46.040001,46.189999,41.497349,21181600
2017-12-18,46.200001,46.380001,45.910000,45.930000,41.263775,10156800
2017-12-19,46.040001,46.380001,45.910000,46.130001,41.443447,8253200
2017-12-20,46.209999,46.299999,45.959999,46.080002,41.398529,7311000
2017-12-21,46.139999,46.220001,45.560001,45.599998,40.967285,9657100
2017-12-22,45.689999,45.730000,45.549999,45.590000,40.958313,5406300
2017-12-26,45.700001,45.860001,45.610001,45.810001,41.155960,6100400
2017-12-27,45.900002,45.939999,45.720001,45.930000,41.263775,5660600
2017-12-28,45.910000,45.990002,45.639999,45.720001,41.075108,6538900
2017-12-29,45.700001,46.180000,45.689999,45.880001,41.218853,8371500
2018-01-02,45.910000,45.939999,45.509998,45.540001,40.913391,10872200
2018-01-03,45.490002,45.689999,45.340000,45.439999,40.823551,12635600
2018-01-04,45.560001,46.220001,45.450001,46.080002,41.398529,12709400
2018-01-05,46.020000,46.200001,45.790001,46.070000,41.389545,13113100
2018-01-08,45.950001,46.099998,45.880001,46.000000,41.326656,7068600
2018-01-09,46.000000,46.360001,45.939999,46.230000,41.533287,9962400
2018-01-10,46.230000,46.259998,45.930000,46.070000,41.389545,10700700
2018-01-11,46.230000,46.230000,45.860001,46.040001,41.362591,7583200
2018-01-12,46.279999,46.389999,46.029999,46.150002,41.461422,14570100
2018-01-16,46.150002,46.619999,46.139999,46.529999,41.802814,16459300
2018-01-17,46.580002,47.000000,46.549999,46.820000,42.063347,12143100
2018-01-18,46.750000,47.070000,46.610001,46.880001,42.117252,11952900
2018-01-19,46.990002,47.250000,46.869999,47.160000,42.368813,16187400
2018-01-22,47.139999,47.500000,47.090000,47.380001,42.566448,9577400
2018-01-23,47.209999,47.700001,47.130001,47.450001,42.629349,11463700
2018-01-24,47.529999,47.950001,47.480000,47.830002,42.970737,15964500
2018-01-25,47.700001,48.000000,47.700001,47.840000,42.979717,11755000
2018-01-26,47.779999,48.619999,47.740002,48.529999,43.599625,16671200
2018-01-29,48.209999,48.459999,47.580002,47.700001,42.853954,11662600
2018-01-30,47.730000,48.160000,47.400002,47.410000,42.593407,12404800
2018-01-31,47.450001,47.900002,47.369999,47.590000,42.755119,10960100
2018-02-01,47.410000,47.730000,47.110001,47.450001,42.629349,10279400
2018-02-02,47.349998,47.410000,46.630001,46.730000,41.982494,12912300
2018-02-05,46.650002,46.919998,44.410000,44.889999,40.329430,23261500
2018-02-06,43.869999,44.740002,43.439999,44.669998,40.131783,25184300
2018-02-07,44.580002,45.500000,44.279999,44.560001,40.032959,18041600
2018-02-08,44.619999,44.619999,43.070000,43.099998,38.721283,23295300
2018-02-09,43.360001,43.459999,42.189999,43.130001,38.748234,22853100
2018-02-12,43.560001,44.230000,43.369999,43.970001,39.502892,14689000
2018-02-13,43.919998,44.410000,43.689999,44.189999,39.700542,13163200
2018-02-14,44.020000,44.189999,43.630001,44.099998,39.619682,13457900
2018-02-15,44.250000,44.830002,44.119999,44.779999,40.230606,13467300
2018-02-16,45.570000,45.639999,44.720001,44.980000,40.410286,17202300
2018-02-20,44.750000,44.830002,43.939999,43.990002,39.520863,14137300
2018-02-21,44.110001,44.259998,43.330002,43.340000,38.936890,12792900
2018-02-22,43.430000,43.820000,43.220001,43.520000,39.098614,12377800
2018-02-23,43.580002,44.060001,43.419998,44.040001,39.565781,8277200
2018-02-26,44.230000,44.389999,43.810001,44.029999,39.556797,12713300
2018-02-27,44.150002,44.310001,43.619999,43.619999,39.188450,12774400
2018-02-28,43.830002,43.910000,43.220001,43.220001,38.829090,11929400
2018-03-01,43.099998,43.639999,42.820000,43.430000,39.017757,17746800
2018-03-02,43.250000,43.799999,43.240002,43.720001,39.278294,14050100
2018-03-05,43.570000,43.939999,43.500000,43.889999,39.431019,11992700
2018-03-06,43.950001,44.049999,43.590000,43.930000,39.466953,10010500
2018-03-07,43.590000,43.919998,43.470001,43.820000,39.368126,10881700
2018-03-08,43.900002,44.459999,43.799999,44.450001,39.934128,12361100
2018-03-09,44.570000,44.820000,44.389999,44.820000,40.266541,9778600
2018-03-12,44.950001,45.090000,44.330002,44.529999,40.006008,11857700
2018-03-13,44.669998,44.830002,44.400002,44.570000,40.041943,11342100
2018-03-14,44.380001,44.430000,43.730000,43.779999,39.679398,15321200
2018-03-15,43.880001,44.000000,43.549999,43.669998,39.579700,12456700
2018-03-16,43.700001,44.020000,43.450001,43.459999,39.389370,26603300
2018-03-19,43.459999,43.709999,43.180000,43.259998,39.208103,12380300
2018-03-20,43.320000,43.480000,43.009998,43.160000,39.117474,13559800
2018-03-21,43.130001,43.450001,42.790001,43.000000,38.972454,13054000
2018-03-22,42.880001,43.369999,42.700001,42.759998,38.754940,12274100
2018-03-23,42.820000,43.160000,42.290001,42.330002,38.365211,13475200
2018-03-26,42.610001,42.810001,42.250000,42.689999,38.691490,11276100
2018-03-27,42.700001,43.310001,42.529999,42.889999,38.872749,11627000
2018-03-28,43.000000,43.700001,43.000000,43.320000,39.262489,16277400
2018-03-29,43.540001,43.919998,43.290001,43.430000,39.362179,10450500
2018-04-02,43.439999,43.500000,42.470001,42.669998,38.673363,14207900
2018-04-03,42.980000,43.540001,42.840000,43.380001,39.316872,15484600
2018-04-04,43.139999,44.400002,43.110001,44.240002,40.096313,13563300
2018-04-05,44.279999,44.610001,43.939999,44.400002,40.241329,11707800
2018-04-06,44.279999,44.520000,43.709999,43.919998,39.806282,11495100
2018-04-09,44.029999,44.310001,43.779999,43.830002,39.724716,11913400
2018-04-10,44.070000,44.180000,43.720001,43.990002,39.869736,10379500
2018-04-11,43.810001,44.139999,43.759998,43.990002,39.869736,8424300
2018-04-12,44.080002,44.410000,43.950001,44.029999,39.905983,8476400
2018-04-13,44.189999,44.689999,44.139999,44.509998,40.341026,10774200
2018-04-16,44.650002,44.889999,44.400002,44.680000,40.495106,8962100
2018-04-17,44.950001,45.029999,44.650002,44.880001,40.676373,8406400
2018-04-18,44.900002,44.970001,44.330002,44.509998,40.341026,7429000
2018-04-19,44.340000,44.470001,44.020000,44.310001,40.159760,10370400
2018-04-20,44.310001,44.410000,43.580002,43.740002,39.643154,14690700
2018-04-23,43.740002,43.990002,43.560001,43.980000,39.860672,11878500
2018-04-24,43.980000,44.099998,42.730000,43.070000,39.035896,18523900
2018-04-25,42.740002,42.889999,41.910000,42.430000,38.455849,20774700
2018-04-26,42.400002,43.099998,42.259998,42.750000,38.745876,13561000
2018-04-27,42.730000,43.340000,42.709999,43.310001,39.253433,9777900
2018-04-30,43.500000,43.689999,42.970001,43.209999,39.162792,16037700
2018-05-01,42.959999,42.990002,42.180000,42.590000,38.600864,11514200
2018-05-02,42.400002,42.590000,41.939999,42.060001,38.120502,13736400
2018-05-03,42.220001,42.400002,41.520000,41.889999,37.966427,18352200
2018-05-04,41.790001,42.500000,41.770000,42.360001,38.392403,10946200
2018-05-07,42.340000,42.490002,41.959999,42.139999,38.193005,9336000
2018-05-08,41.970001,42.090000,41.689999,41.810001,37.893921,15062200
2018-05-09,41.970001,42.230000,41.669998,41.779999,37.866730,9295200
2018-05-10,41.990002,42.360001,41.939999,42.180000,38.229271,7924200
2018-05-11,42.240002,42.470001,42.040001,42.139999,38.193005,6331900
2018-05-14,42.250000,42.320000,41.900002,42.040001,38.102371,10715500
2018-05-15,41.779999,41.919998,41.450001,41.720001,37.812347,16449700
2018-05-16,41.740002,41.939999,41.540001,41.549999,37.658264,11590500
2018-05-17,42.009998,42.349998,41.869999,42.299999,38.338024,14857400
2018-05-18,42.299999,42.380001,42.080002,42.180000,38.229271,11950200
2018-05-21,42.310001,42.520000,42.270000,42.410000,38.437717,9110200
2018-05-22,42.500000,42.599998,42.209999,42.250000,38.292706,8222900
2018-05-23,42.250000,42.450001,41.930000,42.400002,38.428665,8971400
2018-05-24,42.400002,42.470001,42.189999,42.320000,38.356155,9269600
2018-05-25,42.340000,42.580002,42.200001,42.400002,38.428665,8806500
2018-05-29,42.119999,42.849998,42.099998,42.680000,38.682434,14826900
2018-05-30,42.770000,43.279999,42.700001,43.130001,39.090286,10114200
2018-05-31,43.200001,43.209999,42.680000,43.000000,38.972454,15571300
2018-06-01,43.099998,43.320000,43.040001,43.119999,39.081223,10664700
2018-06-04,43.360001,43.590000,43.290001,43.490002,39.416561,11727600
2018-06-05,43.500000,43.540001,43.099998,43.110001,39.072155,9975900
2018-06-06,43.060001,43.459999,43.040001,43.459999,39.389370,9202900
2018-06-07,43.330002,43.730000,43.330002,43.439999,39.371246,11948100
2018-06-08,43.570000,44.000000,43.560001,43.950001,39.833481,12078800
2018-06-11,43.950001,44.250000,43.889999,44.130001,39.996616,7526100
2018-06-12,44.130001,44.419998,44.080002,44.410000,40.250389,8243300
2018-06-13,44.349998,44.520000,44.150002,44.180000,40.041943,16745000
2018-06-14,43.750000,43.849998,43.520000,43.580002,39.849911,12696200
2018-06-15,43.560001,44.150002,43.450001,44.119999,40.343693,21562500
2018-06-18,43.880001,43.959999,43.400002,43.549999,39.822475,12161900
2018-06-19,43.299999,43.750000,43.200001,43.599998,39.868195,12936400
2018-06-20,43.619999,43.779999,43.230000,43.259998,39.557297,10893700
2018-06-21,43.270000,43.299999,42.959999,43.090000,39.401852,10465200
2018-06-22,43.150002,43.410000,43.080002,43.250000,39.548149,14924400
2018-06-25,43.160000,43.750000,43.160000,43.580002,39.849911,12092400
2018-06-26,43.560001,43.840000,43.279999,43.330002,39.621307,13974700
2018-06-27,43.330002,43.610001,42.990002,43.070000,39.383556,15332600
2018-06-28,43.240002,43.680000,43.169998,43.470001,39.749321,12668900
2018-06-29,43.570000,44.099998,43.310001,43.860001,40.105942,11485600
2018-07-02,43.779999,44.160000,43.580002,43.750000,40.005356,9232500
2018-07-03,44.060001,44.330002,43.990002,43.990002,40.224819,8214300
2018-07-05,44.160000,44.669998,44.130001,44.660000,40.837471,11653000
2018-07-06,44.669998,44.939999,44.580002,44.639999,40.819183,8733900
2018-07-09,44.540001,44.730000,44.340000,44.400002,40.599724,7373100
2018-07-10,44.509998,45.000000,44.500000,44.970001,41.120941,10606100
2018-07-11,44.990002,45.000000,44.639999,44.790001,40.956348,7715600
2018-07-12,44.830002,44.959999,44.490002,44.669998,40.846611,6331600
2018-07-13,44.700001,44.779999,44.470001,44.740002,40.910622,5585900
2018-07-16,44.730000,44.799999,44.529999,44.730000,40.901474,5831400
2018-07-17,44.750000,45.389999,44.680000,45.250000,41.376972,11592200
2018-07-18,45.189999,45.290001,44.840000,45.119999,41.258095,7351600
2018-07-19,44.990002,45.430000,44.919998,45.110001,41.248951,10097500
2018-07-20,45.020000,45.279999,44.900002,45.279999,41.404400,8588400
2018-07-23,45.279999,45.360001,44.770000,44.950001,41.102650,9055700
2018-07-24,44.779999,45.270000,44.610001,45.259998,41.386116,13786100
2018-07-25,46.000000,46.580002,45.750000,46.090000,42.145073,21330600
2018-07-26,46.360001,46.590000,46.200001,46.240002,42.282230,12673100
2018-07-27,46.320000,46.500000,46.060001,46.209999,42.254799,10516900
2018-07-30,46.099998,46.439999,46.049999,46.230000,42.273090,8967900
2018-07-31,46.400002,46.669998,46.310001,46.630001,42.638855,12438800
2018-08-01,46.450001,46.490002,46.169998,46.389999,42.419395,9904100
2018-08-02,46.480000,46.630001,46.180000,46.180000,42.227371,12009700
2018-08-03,46.230000,46.759998,46.139999,46.619999,42.629707,11462800
2018-08-06,46.599998,46.869999,46.549999,46.650002,42.657146,10056100
2018-08-07,46.520000,46.610001,46.130001,46.500000,42.519981,8632900
2018-08-08,46.490002,46.560001,46.119999,46.150002,42.199936,6810000
2018-08-09,46.250000,46.419998,46.080002,46.349998,42.382820,8924100
2018-08-10,46.209999,46.419998,45.970001,46.080002,42.135925,7535400
2018-08-13,46.049999,46.130001,45.700001,45.830002,41.907326,8143400
2018-08-14,45.910000,46.099998,45.869999,45.889999,41.962196,6846100
2018-08-15,45.770000,46.150002,45.650002,46.080002,42.135925,9686400
2018-08-16,46.110001,46.380001,45.970001,46.220001,42.263954,10600700
2018-08-17,46.290001,46.730000,46.240002,46.599998,42.611416,8885700
2018-08-20,46.680000,46.869999,46.590000,46.730000,42.730297,6392000
2018-08-21,46.730000,46.750000,46.209999,46.220001,42.263954,13986300
2018-08-22,46.340000,46.380001,45.919998,45.930000,41.998768,7159100
2018-08-23,45.889999,46.080002,45.689999,45.700001,41.788452,13144900
2018-08-24,45.650002,45.799999,45.580002,45.630001,41.724445,10952900
2018-08-27,46.049999,46.049999,45.560001,45.689999,41.779308,9581200
2018-08-28,45.650002,45.730000,45.279999,45.369999,41.486698,8476800
2018-08-29,45.250000,45.419998,45.220001,45.330002,41.450123,12410900
2018-08-30,45.279999,45.320000,44.889999,44.950001,41.102650,9716500
2018-08-31,45.000000,45.070000,44.389999,44.570000,40.755177,19834100
2018-09-04,44.599998,44.900002,44.509998,44.759998,40.928909,11138500
2018-09-05,44.660000,45.419998,44.660000,45.380001,41.495846,10554900
2018-09-06,45.400002,46.000000,45.299999,45.770000,41.852463,11439400
2018-09-07,45.599998,45.820000,45.279999,45.720001,41.806740,10208100
2018-09-10,45.910000,46.310001,45.799999,46.060001,42.117638,8568900
2018-09-11,46.099998,46.150002,45.880001,46.020000,42.081066,9278300
2018-09-12,46.160000,46.299999,46.020000,46.240002,42.282230,13216400
2018-09-13,46.009998,46.119999,45.709999,45.830002,42.263790,8294800
2018-09-14,45.919998,46.029999,45.610001,45.990002,42.411343,7612900
2018-09-17,46.000000,46.330002,45.910000,46.320000,42.715664,8527300
2018-09-18,46.389999,46.529999,45.930000,45.930000,42.356007,9847400
2018-09-19,46.000000,46.110001,45.869999,45.959999,42.383675,7119000
2018-09-20,46.220001,46.680000,46.150002,46.639999,43.010761,9736700
2018-09-21,46.639999,46.689999,46.380001,46.580002,42.955433,19240300
2018-09-24,46.490002,46.529999,45.840000,46.070000,42.485111,10778900
2018-09-25,46.060001,46.180000,45.610001,45.680000,42.125458,7919100
2018-09-26,45.770000,46.070000,45.570000,45.849998,42.282230,10162600
2018-09-27,45.730000,46.180000,45.680000,46.009998,42.429779,10826900
2018-09-28,46.000000,46.189999,45.970001,46.189999,42.595772,9071900
2018-10-01,46.169998,46.349998,46.049999,46.230000,42.632664,9364700
2018-10-02,46.279999,46.560001,46.060001,46.509998,42.890869,7462700
2018-10-03,46.459999,46.549999,45.799999,45.869999,42.300674,10542300
2018-10-04,45.660000,45.900002,45.430000,45.849998,42.282230,9582300
2018-10-05,45.939999,46.160000,45.689999,45.880001,42.309902,8734100
2018-10-08,45.990002,46.580002,45.970001,46.480000,42.863213,9808100
2018-10-09,46.380001,46.549999,46.220001,46.389999,42.780220,10824500
2018-10-10,46.299999,46.700001,45.669998,45.680000,42.125458,13917000
2018-10-11,45.799999,45.970001,44.500000,44.639999,41.166393,17677900
2018-10-12,44.480000,44.880001,44.250000,44.680000,41.203278,12420100
2018-10-15,44.639999,45.270000,44.590000,44.910000,41.415379,11608500
2018-10-16,45.020000,45.599998,44.860001,45.490002,41.950253,10442500
2018-10-17,45.410000,45.990002,45.360001,45.860001,42.291458,11055800
2018-10-18,45.900002,46.080002,45.459999,45.610001,42.060905,12716900
2018-10-19,45.830002,46.490002,45.830002,46.330002,42.724884,13989200
2018-10-22,46.369999,46.459999,45.810001,45.970001,42.392906,14283600
2018-10-23,45.619999,46.459999,45.450001,46.360001,42.752548,17483900
2018-10-24,46.330002,47.389999,46.240002,46.730000,43.093758,21626000
2018-10-25,46.650002,46.740002,46.119999,46.509998,42.890869,14220200
2018-10-26,46.369999,46.480000,45.430000,45.919998,42.346790,21458000
2018-10-29,46.150002,46.560001,46.049999,46.459999,42.844765,20932200
2018-10-30,46.619999,47.740002,46.040001,47.630001,43.923725,20895400
2018-10-31,47.500000,48.080002,47.220001,47.880001,44.154270,25309400
2018-11-01,47.810001,48.150002,47.299999,47.740002,44.025169,16494500
2018-11-02,47.820000,48.000000,47.439999,48.000000,44.264935,17584900
2018-11-05,48.000000,48.779999,47.919998,48.689999,44.901245,16543500
2018-11-06,48.650002,49.130001,48.599998,49.110001,45.288567,14373400
2018-11-07,49.389999,49.549999,49.029999,49.369999,45.528328,12239700
2018-11-08,49.119999,49.369999,49.099998,49.330002,45.491444,9762800
2018-11-09,49.389999,49.889999,49.360001,49.680000,45.814205,12398100
2018-11-12,49.610001,50.240002,49.540001,49.869999,45.989422,13918300
2018-11-13,49.810001,50.000000,49.580002,49.860001,45.980198,13872900
2018-11-14,49.849998,49.939999,49.590000,49.759998,45.887978,12106800
2018-11-15,49.660000,49.750000,49.270000,49.740002,45.869545,12080100
2018-11-16,49.660000,50.250000,49.630001,50.169998,46.266079,13405800
2018-11-19,50.310001,50.759998,50.250000,50.509998,46.579617,13575800
2018-11-20,50.820000,50.840000,49.209999,49.380001,45.537556,16255300
2018-11-21,49.230000,49.439999,48.590000,48.730000,44.938129,13559200
2018-11-23,48.750000,49.230000,48.549999,49.020000,45.205563,4792500
2018-11-26,49.009998,49.230000,48.669998,48.869999,45.067234,9341900
2018-11-27,48.880001,49.410000,48.730000,49.369999,45.528328,9180700
2018-11-28,49.209999,49.720001,49.209999,49.709999,45.841869,11368700
2018-11-29,49.279999,49.430000,48.970001,48.980000,45.525852,11564300
2018-11-30,49.000000,50.490002,48.990002,50.400002,46.845711,25538200
2018-12-03,49.869999,49.959999,48.889999,49.689999,46.185780,14877200
2018-12-04,49.970001,50.509998,49.500000,49.580002,46.083538,19059900
2018-12-06,49.509998,49.630001,48.660000,49.380001,45.897640,17674900
2018-12-07,49.570000,49.680000,48.880001,49.090000,45.628098,15565700
2018-12-10,49.450001,49.450001,48.470001,49.240002,45.767513,12331100
2018-12-11,49.590000,50.009998,49.180000,49.540001,46.046364,18083600
2018-12-12,49.950001,50.020000,49.189999,49.220001,45.748924,12316900
2018-12-13,48.720001,49.610001,48.570000,49.470001,45.981297,13766200
2018-12-14,49.230000,49.520000,49.020000,49.340000,45.860462,13835900
2018-12-17,49.340000,49.529999,48.020000,48.330002,44.921692,18482700
2018-12-18,48.610001,48.830002,47.849998,48.320000,44.912395,14765700
2018-12-19,48.240002,48.759998,47.619999,47.900002,44.522015,17903800
2018-12-20,47.810001,48.130001,47.099998,47.540001,44.187401,21130000
2018-12-21,47.259998,48.750000,47.230000,47.570000,44.215286,32477700
2018-12-24,47.619999,47.869999,45.830002,45.959999,42.718822,10733700
2018-12-26,45.880001,46.959999,45.660000,46.939999,43.629715,14342600
2018-12-27,46.740002,47.549999,46.029999,47.529999,44.178108,16966500
2018-12-28,47.889999,48.009998,47.029999,47.200001,43.871376,13218200
2018-12-31,47.490002,47.540001,46.959999,47.349998,44.010803,10576300
2019-01-02,46.939999,47.220001,46.560001,46.930000,43.620419,11603700
2019-01-03,46.820000,47.369999,46.529999,46.639999,43.350868,14714400
2019-01-04,46.750000,47.570000,46.639999,47.570000,44.215286,13013700
2019-01-07,47.570000,47.750000,46.900002,46.950001,43.639008,13135500
2019-01-08,47.250000,47.570000,47.040001,47.480000,44.131630,15420700
2019-01-09,47.080002,47.279999,46.430000,46.570000,43.285809,18032500
2019-01-10,46.660000,47.090000,46.340000,47.070000,43.750546,15976600
2019-01-11,47.290001,47.360001,46.970001,47.340000,44.001507,11088600
2019-01-14,47.250000,47.400002,46.990002,47.150002,43.824913,11514300
2019-01-15,46.889999,47.599998,46.810001,47.570000,44.215286,11342900
2019-01-16,47.400002,47.470001,46.860001,46.919998,43.611130,16907800
2019-01-17,46.919998,47.139999,46.880001,47.060001,43.741253,12044600
2019-01-18,47.250000,47.689999,47.119999,47.610001,44.252468,12760700
2019-01-22,47.700001,47.790001,47.209999,47.720001,44.354710,11700400
2019-01-23,47.820000,48.290001,47.650002,48.270000,44.865921,12058300
2019-01-24,48.110001,48.110001,47.380001,47.689999,44.326828,10272000
2019-01-25,47.880001,48.029999,47.240002,47.369999,44.029392,12066500
2019-01-28,47.220001,47.299999,46.939999,47.169998,43.843494,9966900
2019-01-29,47.200001,47.630001,47.130001,47.400002,44.057274,11998600
2019-01-30,47.250000,47.889999,47.189999,47.860001,44.484833,12952500
2019-01-31,47.849998,48.779999,47.470001,48.130001,44.735794,32181500
2019-02-01,48.480000,48.779999,48.400002,48.700001,45.265602,19130100
2019-02-04,48.700001,49.450001,48.540001,49.250000,45.776814,15105700
2019-02-05,49.330002,49.470001,49.099998,49.259998,45.786098,12651900
2019-02-06,49.209999,49.360001,49.020000,49.259998,45.786098,8689100
2019-02-07,49.169998,49.459999,49.000000,49.419998,45.934818,10047800
2019-02-08,49.369999,49.500000,49.110001,49.500000,46.009178,9813300
2019-02-11,49.570000,49.880001,49.480000,49.610001,46.111423,9369300
2019-02-12,49.689999,49.799999,49.459999,49.660000,46.157894,10983300
2019-02-13,49.610001,49.939999,49.560001,49.790001,46.278728,12748800
2019-02-14,46.700001,46.959999,45.500000,45.590000,42.374924,58905400
2019-02-15,45.900002,46.259998,45.200001,45.240002,42.049603,35701600
2019-02-19,45.320000,45.590000,44.770000,44.830002,41.668510,25511300
2019-02-20,44.910000,45.240002,44.799999,45.099998,41.919472,27464000
2019-02-21,45.000000,45.910000,44.959999,45.860001,42.625881,23121200
2019-02-22,45.759998,45.950001,45.200001,45.279999,42.086781,24728400
2019-02-25,45.439999,45.570000,44.840000,44.939999,41.770752,23774400
2019-02-26,45.099998,45.139999,44.660000,44.689999,41.538387,20463200
2019-02-27,44.599998,45.020000,44.419998,44.939999,41.770752,17827500
2019-02-28,45.119999,45.610001,45.110001,45.340000,42.142555,22533900
2019-03-01,45.470001,45.639999,45.200001,45.380001,42.179729,16291600
2019-03-04,45.529999,45.669998,45.299999,45.650002,42.430683,15973800
2019-03-05,45.650002,45.700001,45.400002,45.599998,42.384205,13062300
2019-03-06,45.669998,45.790001,45.439999,45.450001,42.244793,14232100
2019-03-07,45.490002,45.529999,45.130001,45.279999,42.086781,12084000
2019-03-08,45.150002,45.250000,44.610001,44.840000,41.677811,15579100
2019-03-11,45.139999,46.240002,45.099998,46.180000,42.923317,22126900
2019-03-12,45.950001,46.250000,45.900002,46.049999,42.802471,19348500
2019-03-13,46.130001,46.340000,45.910000,46.220001,42.960495,16222500
2019-03-14,45.840000,46.110001,45.630001,45.700001,42.847980,18504100
2019-03-15,45.720001,45.900002,45.139999,45.299999,42.472939,47254500
2019-03-18,45.430000,45.680000,45.360001,45.410000,42.576069,24006400
2019-03-19,45.549999,45.689999,45.340000,45.560001,42.716717,14987000
2019-03-20,45.400002,45.900002,45.180000,45.529999,42.688587,13376100
2019-03-21,45.529999,45.759998,45.439999,45.509998,42.669838,20043000
2019-03-22,45.459999,46.110001,45.459999,45.930000,43.063622,19055900
2019-03-25,45.860001,46.200001,45.790001,46.029999,43.157383,11668200
2019-03-26,46.169998,46.790001,46.169998,46.639999,43.729313,11434900
2019-03-27,46.650002,46.910000,46.330002,46.610001,43.701187,11543600
2019-03-28,46.680000,46.919998,46.480000,46.580002,43.673061,11121100
2019-03-29,46.669998,46.910000,46.480000,46.860001,43.935589,16045600
2019-04-01,46.990002,47.169998,46.590000,46.720001,43.804329,11522700
2019-04-02,46.750000,46.930000,46.570000,46.570000,43.663685,8495000
2019-04-03,46.419998,46.590000,46.040001,46.180000,43.298027,12854500
2019-04-04,46.340000,46.540001,46.110001,46.480000,43.579300,7814900
2019-04-05,46.490002,46.580002,46.200001,46.470001,43.569931,7677600
2019-04-08,46.540001,46.570000,46.270000,46.549999,43.644928,9421300
2019-04-09,46.450001,46.720001,46.270000,46.669998,43.757442,8641800
2019-04-10,46.840000,47.000000,46.560001,46.639999,43.729313,8059900
2019-04-11,46.720001,46.750000,46.540001,46.709999,43.794945,7352400
2019-04-12,46.669998,46.930000,46.570000,46.740002,43.823078,10690000
2019-04-15,46.880001,47.040001,46.700001,47.000000,44.066849,10261300
2019-04-16,47.049999,47.099998,46.700001,46.950001,44.019970,10804600
2019-04-17,47.200001,47.549999,47.150002,47.279999,44.329372,11849300
2019-04-18,47.330002,47.580002,47.270000,47.480000,44.516891,12167000
2019-04-22,47.400002,47.610001,47.020000,47.400002,44.441883,9834700
2019-04-23,48.090000,48.720001,47.549999,48.209999,45.201332,25327800
2019-04-24,48.029999,48.230000,47.919998,47.980000,44.985687,15997300
2019-04-25,47.740002,47.889999,47.470001,47.840000,44.854424,11444400
2019-04-26,47.990002,48.450001,47.980000,48.259998,45.248219,10154300
2019-04-29,48.169998,48.450001,48.110001,48.419998,45.398224,9731500
2019-04-30,48.529999,49.180000,48.389999,49.060001,45.998295,17912900
2019-05-01,48.950001,49.080002,48.549999,48.590000,45.557621,10551200
2019-05-02,48.529999,48.770000,48.270000,48.389999,45.370098,8724600
2019-05-03,48.599998,48.959999,48.520000,48.720001,45.679508,7076900
2019-05-06,48.330002,48.610001,48.259998,48.470001,45.445110,8657800
2019-05-07,48.230000,48.290001,47.770000,48.000000,45.004440,12487500
2019-05-08,48.049999,48.230000,47.820000,47.849998,44.863800,9281400
2019-05-09,47.799999,47.980000,47.070000,47.400002,44.441883,11450500
2019-05-10,47.410000,48.299999,47.400002,48.189999,45.182583,9653800
2019-05-13,47.910000,48.130001,47.730000,48.049999,45.051319,11911500
2019-05-14,48.529999,49.320000,48.349998,48.689999,45.651382,16844200
2019-05-15,48.669998,49.380001,48.599998,49.180000,46.110794,11422500
2019-05-16,49.270000,49.660000,49.209999,49.580002,46.485836,17771300
2019-05-17,49.270000,49.549999,49.169998,49.200001,46.129543,11257000
2019-05-20,49.040001,49.139999,48.759998,48.849998,45.801388,13850500
2019-05-21,49.000000,49.029999,48.450001,48.599998,45.566990,10587400
2019-05-22,48.779999,49.709999,48.720001,49.650002,46.551464,16050400
2019-05-23,49.500000,49.900002,49.459999,49.849998,46.738979,12199400
2019-05-24,49.820000,49.889999,49.529999,49.610001,46.513966,6887600
2019-05-28,49.599998,49.669998,49.029999,49.099998,46.035789,18614000
2019-05-29,48.740002,49.029999,48.410000,48.610001,45.576374,12534600
2019-05-30,48.720001,49.310001,48.669998,49.250000,46.176434,9087200
2019-05-31,49.000000,49.310001,48.779999,49.130001,46.063927,11368600
2019-06-03,49.160000,49.980000,49.020000,49.980000,46.860874,14167200
2019-06-04,50.000000,50.279999,49.619999,50.000000,46.879623,12010600
2019-06-05,50.009998,51.139999,49.689999,50.779999,47.610943,15837600
2019-06-06,50.910000,51.540001,50.590000,51.400002,48.192253,15190400
2019-06-07,51.470001,52.189999,51.450001,51.490002,48.276638,15293600
2019-06-10,51.540001,51.540001,51.090000,51.380001,48.173508,9737400
2019-06-11,51.450001,51.590000,51.180000,51.330002,48.126629,9915600
2019-06-12,51.500000,52.139999,51.470001,51.639999,48.417274,11088100
2019-06-13,51.459999,51.700001,50.779999,51.130001,48.313335,10353600
2019-06-14,51.049999,51.529999,51.049999,51.310001,48.483425,8694300
2019-06-17,51.250000,51.480000,50.610001,50.869999,48.067661,12322400
2019-06-18,51.250000,51.299999,50.529999,50.639999,47.850330,9221100
2019-06-19,50.540001,51.240002,50.470001,51.119999,48.303890,9414100
2019-06-20,51.500000,51.790001,51.349998,51.660000,48.814140,10656600
2019-06-21,51.529999,51.889999,51.410000,51.549999,48.710201,21264400
2019-06-24,51.740002,52.200001,51.700001,51.919998,49.059811,10780000
2019-06-25,52.000000,52.099998,51.639999,51.759998,48.908627,11519900
2019-06-26,51.520000,51.639999,51.090000,51.119999,48.303890,12405100
2019-06-27,51.290001,51.400002,50.970001,51.080002,48.266094,12374900
2019-06-28,51.270000,51.400002,50.520000,50.919998,48.114910,16339900
2019-07-01,51.070000,51.630001,50.779999,51.599998,48.757442,14976400
2019-07-02,51.779999,52.049999,51.549999,51.980000,49.116508,8569200
2019-07-03,52.000000,52.330002,52.000000,52.099998,49.229904,7253700
2019-07-05,51.889999,52.119999,51.480000,52.110001,49.239349,8916300
2019-07-08,52.200001,52.330002,51.889999,52.000000,49.135410,9495100
2019-07-09,51.720001,51.970001,51.430000,51.590000,48.747993,10584900
2019-07-10,51.799999,51.970001,51.660000,51.820000,48.965328,7620900
2019-07-11,51.990002,52.060001,51.660000,52.040001,49.173206,10376500
2019-07-12,52.250000,52.290001,51.910000,52.119999,49.248795,7347400
2019-07-15,52.279999,52.290001,51.869999,52.130001,49.258251,5876100
2019-07-16,51.959999,52.470001,51.810001,52.139999,49.267696,7132500
2019-07-17,52.220001,52.259998,52.009998,52.180000,49.305492,8264200
2019-07-18,52.040001,52.169998,51.669998,52.029999,49.163754,11911800
2019-07-19,52.139999,52.150002,51.369999,51.389999,48.559013,10355500
2019-07-22,51.520000,51.520000,51.130001,51.220001,48.398380,12090700
2019-07-23,53.250000,54.639999,52.759998,54.330002,51.337055,33417900
2019-07-24,54.119999,54.820000,53.619999,53.779999,50.817345,15633400
2019-07-25,53.630001,53.799999,52.720001,53.070000,50.146469,19135000
2019-07-26,53.340000,54.310001,53.189999,54.169998,51.185860,11451900
2019-07-29,54.169998,54.299999,53.900002,53.990002,51.015789,12283900
2019-07-30,53.959999,54.299999,53.570000,53.720001,50.760658,8127100
2019-07-31,53.509998,53.509998,52.040001,52.630001,49.730709,16865500
2019-08-01,52.779999,53.200001,52.009998,52.029999,49.163754,19527200
2019-08-02,51.910000,52.730000,51.910000,52.330002,49.447235,13102300
2019-08-05,52.389999,52.660000,51.400002,51.650002,48.804691,19986500
2019-08-06,51.869999,52.759998,51.610001,52.270000,49.390537,19903100
2019-08-07,52.270000,53.389999,51.770000,53.180000,50.250412,17937000
2019-08-08,53.209999,53.779999,52.849998,53.689999,50.732307,10799000
2019-08-09,53.790001,53.900002,53.080002,53.419998,50.477184,9260900
2019-08-12,53.279999,53.439999,52.990002,53.200001,50.269302,6588600
2019-08-13,52.900002,53.610001,52.869999,53.500000,50.552776,8581200
2019-08-14,53.340000,53.970001,52.970001,52.990002,50.070877,17088900
2019-08-15,53.430000,54.000000,53.230000,53.869999,50.902397,12393200
2019-08-16,53.980000,54.490002,53.950001,54.410000,51.412651,14288700
2019-08-19,54.439999,54.779999,54.310001,54.689999,51.677219,10936200
2019-08-20,54.619999,54.680000,53.840000,53.880001,50.911842,8176700
2019-08-21,54.250000,54.410000,53.849998,54.099998,51.119724,10886500
2019-08-22,54.119999,54.639999,54.099998,54.490002,51.488243,7467900
2019-08-23,54.419998,54.709999,53.389999,53.740002,50.779552,14160400
2019-08-26,54.000000,54.540001,53.730000,54.540001,51.535488,9226900
2019-08-27,54.700001,54.950001,54.410000,54.720001,51.705570,13537000
2019-08-28,54.660000,55.150002,54.419998,55.110001,52.074081,10046400
2019-08-29,55.259998,55.340000,54.599998,55.049999,52.017391,9262800
2019-08-30,55.160000,55.220001,54.810001,55.040001,52.007946,8746700
2019-09-03,54.980000,55.330002,54.869999,55.299999,52.253616,12991400
2019-09-04,55.349998,55.919998,55.299999,55.770000,52.697727,10718100
2019-09-05,55.750000,55.770000,55.029999,55.119999,52.083538,13677000
2019-09-06,55.439999,55.439999,54.759998,55.230000,52.187477,9093500
2019-09-09,55.029999,55.080002,54.360001,54.520000,51.516590,10814900
2019-09-10,54.230000,54.439999,53.849998,54.400002,51.403198,12038200
2019-09-11,54.290001,54.799999,53.970001,54.770000,51.752815,9740400
2019-09-12,55.099998,55.310001,54.980000,55.110001,52.074081,12357900
2019-09-13,54.480000,54.790001,54.070000,54.259998,51.645767,11486100
2019-09-16,54.099998,54.340000,53.630001,53.959999,51.360222,11172000
2019-09-17,54.099998,54.700001,53.959999,54.240002,51.626732,11347400
2019-09-18,54.200001,54.290001,53.820000,54.230000,51.617214,9700400
2019-09-19,54.230000,54.599998,54.130001,54.520000,51.893246,7560300
2019-09-20,54.689999,54.689999,53.900002,53.910000,51.312634,19211500
2019-09-23,53.910000,54.360001,53.880001,54.139999,51.531544,6485300
2019-09-24,54.250000,54.610001,54.040001,54.299999,51.683838,10093000
2019-09-25,54.439999,54.480000,54.000000,54.169998,51.560097,10248400
2019-09-26,54.470001,54.580002,54.130001,54.389999,51.769505,10031200
2019-09-27,54.560001,54.639999,54.000000,54.310001,51.693359,7939900
2019-09-30,54.150002,54.680000,54.150002,54.439999,51.817097,9808700
2019-10-01,54.529999,54.779999,54.009998,54.650002,52.016979,14261500
2019-10-02,54.209999,54.439999,52.900002,53.080002,50.522621,14343600
2019-10-03,53.500000,53.980000,52.820000,53.840000,51.246002,13817500
2019-10-04,54.000000,54.540001,53.889999,54.540001,51.912281,9295400
2019-10-07,54.330002,54.360001,53.770000,53.869999,51.274559,5964900
2019-10-08,53.880001,54.070000,53.450001,53.580002,50.998531,13301900
2019-10-09,54.060001,54.070000,53.540001,53.830002,51.236485,7135000
2019-10-10,53.549999,53.880001,53.360001,53.660000,51.074680,8942900
2019-10-11,53.650002,53.700001,53.200001,53.299999,50.732018,8981700
2019-10-14,53.490002,53.680000,53.220001,53.299999,50.732018,7306300
2019-10-15,53.430000,53.680000,53.270000,53.509998,50.931908,9564300
2019-10-16,53.459999,53.570000,53.130001,53.490002,50.912868,10454800
2019-10-17,53.689999,54.119999,53.580002,53.790001,51.198410,13190300
2019-10-18,55.000000,55.389999,54.450001,54.779999,52.140709,18122400
2019-10-21,54.450001,54.560001,53.680000,54.230000,51.617214,12778900
2019-10-22,54.230000,54.419998,53.740002,53.849998,51.255520,9533400
2019-10-23,54.060001,54.660000,54.009998,54.639999,52.007458,8556600
2019-10-24,54.570000,54.820000,54.490002,54.610001,51.978901,11051400
2019-10-25,54.549999,54.560001,53.669998,53.750000,51.160336,9782400
2019-10-28,53.740002,53.950001,53.369999,53.570000,50.989014,8866100
2019-10-29,53.389999,53.660000,53.259998,53.410000,50.836720,7999700
2019-10-30,53.520000,54.049999,53.160000,53.939999,51.341183,8620900
2019-10-31,53.959999,54.470001,53.849998,54.430000,51.807579,13982000
2019-11-01,54.630001,54.740002,53.849998,53.900002,51.303116,9889500
2019-11-04,53.959999,54.000000,52.970001,53.139999,50.579731,17515100
2019-11-05,52.889999,52.889999,52.119999,52.419998,49.894413,19284000
2019-11-06,52.529999,52.799999,52.410000,52.799999,50.256107,13288900
2019-11-07,52.880001,53.000000,51.959999,52.290001,49.770687,11725500
2019-11-08,52.459999,52.599998,52.090000,52.209999,49.694538,7141800
2019-11-11,52.330002,52.369999,51.779999,51.840000,49.342361,8198300
2019-11-12,51.910000,51.910000,51.580002,51.709999,49.218628,12656900
2019-11-13,52.180000,52.450001,51.959999,52.410000,49.884899,12257900
2019-11-14,52.529999,52.669998,52.349998,52.630001,50.094303,8660300
2019-11-15,52.639999,52.680000,52.380001,52.669998,50.132370,8982400
2019-11-18,52.680000,53.439999,52.669998,53.029999,50.475025,13782000
2019-11-19,53.150002,53.310001,52.869999,53.080002,50.522621,12679500
2019-11-20,53.099998,53.400002,53.009998,53.220001,50.655872,11970300
2019-11-21,53.110001,53.340000,52.779999,52.959999,50.408401,7856100
2019-11-22,52.959999,53.189999,52.750000,53.029999,50.475025,9113300
2019-11-25,53.279999,53.389999,52.770000,53.220001,50.655872,10963500
2019-11-26,53.310001,53.939999,53.220001,53.900002,51.303116,13219800
2019-11-27,53.930000,54.099998,53.599998,53.950001,51.350700,9595200
2019-11-29,53.700001,53.730000,53.220001,53.400002,51.206863,7222300
2019-12-02,53.320000,53.750000,52.849998,53.750000,51.542484,13173800
2019-12-03,53.709999,53.840000,53.400002,53.799999,51.590435,14498300
2019-12-04,53.799999,54.310001,53.720001,54.290001,52.060314,13624000
2019-12-05,54.209999,54.290001,53.830002,54.189999,51.964417,14068100
2019-12-06,54.310001,54.500000,54.169998,54.419998,52.184971,7843500
2019-12-09,54.299999,54.509998,54.020000,54.070000,51.849350,13887200
2019-12-10,54.040001,54.070000,53.730000,53.770000,51.561668,8993900
2019-12-11,53.939999,54.150002,53.660000,53.950001,51.734272,8879100
2019-12-12,54.009998,54.450001,53.939999,54.139999,51.916470,11233300
2019-12-13,53.939999,54.549999,53.840000,54.419998,52.184971,13072200
2019-12-16,54.689999,54.830002,54.369999,54.419998,52.184971,9538100
2019-12-17,54.400002,54.580002,54.290001,54.419998,52.184971,9230000
2019-12-18,54.529999,54.750000,53.889999,53.910000,51.695923,15132100
2019-12-19,54.040001,54.340000,53.919998,54.320000,52.089081,13385900
2019-12-20,54.939999,55.200001,54.470001,54.970001,52.712387,23832800
2019-12-23,55.000000,55.240002,54.840000,54.910000,52.654850,9300800
2019-12-24,54.799999,55.000000,54.639999,54.709999,52.463062,3359300
2019-12-26,54.919998,55.020000,54.790001,55.020000,52.760330,6228500
2019-12-27,55.009998,55.450001,55.000000,55.349998,53.076775,6895500
2019-12-30,55.180000,55.389999,55.060001,55.270000,53.000065,6431700
2019-12-31,55.200001,55.380001,54.980000,55.349998,53.076775,7982600
2020-01-02,55.320000,55.430000,54.759998,54.990002,52.731567,11867700
2020-01-03,54.320000,54.990002,54.090000,54.689999,52.443882,11354500
2020-01-06,54.650002,54.910000,54.520000,54.669998,52.424702,14698300
2020-01-07,54.450001,54.599998,54.150002,54.250000,52.021954,9973900
2020-01-08,54.270000,54.639999,54.150002,54.349998,52.117844,10676000
2020-01-09,55.000000,55.400002,54.840000,55.340000,53.067192,15398000
2020-01-10,55.480000,55.930000,55.450001,55.529999,53.249378,13040100
2020-01-13,55.529999,56.230000,55.419998,56.130001,53.824741,14302900
2020-01-14,56.240002,56.290001,55.830002,56.000000,53.700081,16345300
2020-01-15,56.000000,56.980000,56.000000,56.700001,54.371338,17735400
2020-01-16,56.849998,56.950001,56.610001,56.820000,54.486401,10234100
2020-01-17,56.869999,57.150002,56.799999,56.939999,54.601471,14264300
2020-01-21,56.849998,57.250000,56.570000,57.169998,54.822029,11968900
2020-01-22,57.250000,57.639999,57.180000,57.610001,55.243961,12869600
2020-01-23,57.380001,57.849998,57.240002,57.830002,55.454926,12858900
2020-01-24,57.849998,57.869999,57.459999,57.680000,55.311089,8594300
2020-01-27,57.209999,57.849998,57.130001,57.480000,55.119301,14359900
2020-01-28,57.450001,57.750000,56.970001,57.009998,54.668602,15240200
2020-01-29,57.000000,57.259998,56.660000,57.009998,54.668602,13163600
2020-01-30,57.930000,58.980000,57.759998,58.860001,56.442627,20225600
2020-01-31,58.970001,59.080002,58.150002,58.400002,56.001514,17685200
2020-02-03,58.750000,58.970001,58.520000,58.580002,56.174122,12333600
2020-02-04,58.750000,59.450001,58.619999,58.840000,56.423447,15417900
2020-02-05,58.900002,59.080002,58.540001,58.849998,56.433033,11414900
2020-02-06,58.980000,59.340000,58.840000,58.990002,56.567287,9347000
2020-02-07,58.880001,59.320000,58.849998,59.189999,56.759068,8757800
2020-02-10,59.320000,59.840000,59.290001,59.750000,57.296070,7984900
2020-02-11,59.720001,59.799999,59.320000,59.590000,57.142643,7431200
2020-02-12,59.480000,59.770000,59.320000,59.410000,56.970032,9179100
2020-02-13,59.380001,59.840000,59.209999,59.610001,57.161819,8173200
2020-02-14,59.630001,60.070000,59.619999,59.950001,57.487854,9965500
2020-02-18,59.810001,59.930000,59.450001,59.529999,57.085102,10075700
2020-02-19,59.509998,60.000000,59.470001,59.770000,57.315247,6265700
2020-02-20,59.680000,59.860001,59.110001,59.720001,57.267303,7597200
2020-02-21,59.509998,60.130001,59.430000,60.130001,57.660461,10842400
2020-02-24,59.110001,59.799999,58.570000,58.650002,56.241249,14415500
2020-02-25,58.700001,59.200001,57.619999,57.820000,55.445332,15915100
2020-02-26,57.980000,58.470001,57.480000,57.599998,55.234367,15837800
2020-02-27,57.150002,57.889999,54.880001,54.930000,52.674026,23754000
2020-02-28,53.830002,53.889999,51.580002,53.490002,51.293171,40890600
2020-03-02,53.930000,55.959999,53.700001,55.919998,53.623367,25698600
2020-03-03,56.759998,57.490002,55.639999,56.060001,53.757622,27099200
2020-03-04,56.410000,59.000000,56.410000,58.919998,56.500156,20526100
2020-03-05,57.799999,58.169998,56.189999,56.740002,54.409691,17948500
2020-03-06,54.939999,55.910000,53.980000,55.259998,52.990475,22353900
2020-03-09,52.049999,53.580002,51.480000,51.860001,49.730114,27898300
2020-03-10,53.220001,53.799999,51.169998,53.660000,51.456188,27457400
2020-03-11,52.349998,52.650002,51.139999,52.209999,50.065739,22653900
2020-03-12,48.540001,49.930000,46.689999,47.160000,45.223141,31913100
2020-03-13,49.509998,49.560001,46.610001,48.470001,46.886967,33697200
2020-03-16,42.240002,47.880001,41.169998,45.259998,43.781799,28682300
2020-03-17,45.880001,47.500000,45.369999,47.180000,45.639095,32106700
2020-03-18,44.740002,45.150002,41.590000,44.849998,43.385197,35408300
2020-03-19,44.360001,44.660000,41.040001,41.830002,40.463829,41956900
2020-03-20,41.950001,42.070000,37.509998,38.299999,37.049118,51513500
2020-03-23,38.759998,38.889999,36.270000,37.560001,36.333286,44978500
2020-03-24,41.220001,41.400002,38.830002,39.450001,38.161560,49096200
2020-03-25,40.630001,43.450001,39.910000,41.610001,40.251015,42511700
2020-03-26,42.840000,45.270000,42.450001,44.290001,42.843483,37821700
2020-03-27,43.660000,44.029999,42.400002,42.810001,41.411823,23297900
2020-03-30,43.040001,45.560001,43.040001,45.000000,43.530296,23446000
2020-03-31,45.070000,45.509998,44.060001,44.250000,42.804790,25373900
2020-04-01,42.480000,43.650002,41.799999,42.119999,40.744358,21936400
2020-04-02,42.220001,44.189999,41.860001,43.950001,42.514591,17621900
2020-04-03,43.580002,44.340000,43.310001,43.830002,42.398510,14207100
2020-04-06,45.389999,47.009998,44.689999,46.669998,45.145752,22850000
2020-04-07,48.500000,48.599998,46.480000,46.509998,44.990974,21279600
2020-04-08,46.639999,48.090000,46.330002,47.820000,46.258190,18937100
2020-04-09,48.439999,49.730000,48.349998,49.000000,47.399658,19165300
2020-04-13,48.349998,48.639999,46.500000,46.930000,45.397263,19586000
2020-04-14,47.939999,49.250000,46.930000,48.919998,47.322269,21801900
2020-04-15,47.709999,48.400002,47.410000,47.610001,46.055058,12893200
2020-04-16,47.400002,47.849998,46.759998,47.099998,45.561707,17606800
2020-04-17,48.299999,48.299999,47.369999,48.060001,46.490360,19844600
2020-04-20,47.790001,48.000000,46.310001,46.529999,45.010326,18957900
2020-04-21,45.880001,46.900002,44.259998,45.380001,43.897888,26863700
2020-04-22,46.049999,46.150002,45.500000,45.680000,44.188087,15811600
2020-04-23,45.950001,46.099998,44.970001,45.070000,43.598011,17668200
2020-04-24,45.500000,45.750000,45.119999,45.430000,43.946251,15175000
2020-04-27,46.000000,46.980000,45.709999,46.779999,45.252159,19175500
2020-04-28,47.900002,48.000000,46.570000,46.740002,45.213467,17246700
2020-04-29,47.270000,47.860001,46.880001,47.119999,45.581055,15780000
2020-04-30,47.000000,47.000000,45.700001,45.889999,44.391228,20801100
2020-05-01,45.619999,46.389999,45.209999,45.599998,44.110699,14290400
2020-05-04,45.320000,45.480000,44.599998,45.139999,43.665726,22544200
2020-05-05,45.360001,46.099998,45.150002,45.400002,43.917233,13370500
2020-05-06,45.400002,45.630001,44.720001,44.750000,43.288460,11892900
2020-05-07,45.150002,45.240002,44.500000,44.599998,43.143356,16466000
2020-05-08,45.080002,46.220001,44.880001,46.110001,44.604046,13985100
2020-05-11,45.689999,46.110001,45.520000,45.540001,44.052662,10874600
2020-05-12,45.599998,45.849998,44.799999,44.820000,43.356174,13424400
2020-05-13,44.709999,44.779999,43.520000,43.939999,42.504913,15854800
2020-05-14,43.380001,44.060001,43.230000,43.700001,42.272758,18000800
2020-05-15,43.959999,44.689999,43.200001,43.259998,41.847126,31579400
2020-05-18,44.820000,45.389999,44.130001,44.970001,43.501278,26118500
2020-05-19,45.009998,45.330002,44.250000,44.540001,43.085323,17839900
2020-05-20,45.200001,46.169998,45.020000,45.889999,44.391228,22295900
2020-05-21,46.080002,46.090000,45.029999,45.169998,43.694740,13193500
2020-05-22,45.220001,45.310001,44.650002,45.029999,43.559319,13008400
2020-05-26,46.919998,46.930000,45.930000,46.090000,44.584702,22223100
2020-05-27,47.000000,47.090000,46.169998,46.730000,45.203793,18447600
2020-05-28,47.299999,47.459999,46.820000,47.090000,45.552036,16230600
2020-05-29,46.680000,47.189999,46.139999,46.680000,45.155430,51125000
2020-06-01,46.660000,47.230000,46.590000,46.990002,45.455303,17010700
2020-06-02,47.160000,47.279999,46.560001,46.900002,45.368244,15255100
2020-06-03,47.270000,48.119999,47.119999,47.900002,46.335583,15508300
2020-06-04,47.939999,48.270000,47.380001,47.919998,46.354927,13604700
2020-06-05,48.540001,49.490002,48.459999,49.090000,47.486721,20504800
2020-06-08,49.540001,49.970001,49.470001,49.849998,48.221889,19896700
2020-06-09,49.590000,49.590000,48.680000,49.000000,47.399658,16713700
2020-06-10,49.160000,49.270000,48.570000,48.619999,47.032063,15716600
2020-06-11,47.810001,47.919998,45.459999,45.540001,44.052662,26070400
2020-06-12,46.209999,46.250000,45.009998,45.599998,44.511440,21822700
2020-06-15,44.570000,46.450001,44.470001,46.299999,45.194729,15622300
2020-06-16,47.560001,47.689999,46.189999,46.770000,45.653511,18803500
2020-06-17,46.779999,47.060001,46.439999,46.580002,45.468048,12602800
2020-06-18,46.299999,47.040001,46.070000,46.990002,45.868259,9380800
2020-06-19,47.770000,47.790001,46.020000,46.020000,44.921413,30464600
2020-06-22,46.029999,46.150002,45.380001,45.740002,44.648098,20876200
2020-06-23,46.000000,46.290001,45.580002,45.639999,44.550488,14675300
2020-06-24,45.369999,45.439999,44.500000,44.650002,43.584122,17631800
2020-06-25,44.470001,44.980000,44.029999,44.930000,43.857437,13829700
2020-06-26,44.919998,45.009998,43.509998,43.570000,42.529903,21955100
2020-06-29,44.000000,44.570000,43.549999,44.360001,43.301044,17603900
2020-06-30,44.250000,44.830002,44.040001,44.680000,43.613403,23679800
2020-07-01,44.930000,45.529999,44.709999,44.820000,43.750061,14316500
2020-07-02,45.290001,45.430000,44.799999,44.880001,43.808628,15111900
2020-07-06,45.139999,45.270000,44.610001,45.230000,44.150272,15146000
2020-07-07,45.000000,45.500000,44.799999,45.209999,44.130749,13043600
2020-07-08,45.139999,45.180000,44.470001,45.070000,43.994095,13851200
2020-07-09,45.049999,45.049999,43.830002,43.910000,42.861786,16087100
2020-07-10,43.880001,45.250000,43.860001,45.150002,44.072186,15627800
2020-07-13,45.529999,45.680000,44.959999,45.250000,44.169800,16705300
2020-07-14,44.910000,45.939999,44.669998,45.869999,44.774998,17080100
2020-07-15,46.299999,47.189999,46.200001,46.400002,45.292347,23738000
2020-07-16,46.259998,46.689999,45.939999,46.150002,45.048313,13306100
2020-07-17,46.470001,46.910000,46.130001,46.820000,45.702316,13899800
2020-07-20,46.720001,46.830002,45.849998,46.119999,45.019028,16633200
2020-07-21,47.520000,47.990002,46.930000,47.200001,46.073246,25681500
2020-07-22,47.930000,48.520000,47.029999,48.480000,47.322689,29831200
2020-07-23,48.470001,48.570000,48.029999,48.279999,47.127464,15935000
2020-07-24,48.400002,48.799999,48.070000,48.490002,47.332451,16196800
2020-07-27,48.180000,48.509998,48.180000,48.480000,47.322689,17346500
2020-07-28,48.340000,49.279999,48.099998,48.180000,47.029850,13872700
2020-07-29,48.139999,48.500000,47.820000,48.020000,46.873669,13758100
2020-07-30,47.669998,48.230000,47.200001,47.689999,46.551548,17276500
2020-07-31,47.439999,47.770000,46.730000,47.240002,46.112293,14849200
2020-08-03,47.139999,47.360001,46.230000,46.299999,45.194729,14137500
2020-08-04,46.290001,46.860001,46.220001,46.689999,45.575417,11717200
2020-08-05,46.900002,47.270000,46.810001,47.220001,46.092770,10498700
2020-08-06,46.660000,47.529999,46.599998,47.480000,46.346561,10745000
2020-08-07,47.470001,48.080002,47.209999,47.799999,46.658924,11669700
2020-08-10,48.060001,48.279999,47.660000,47.720001,46.580837,11888000
2020-08-11,48.459999,48.650002,47.700001,47.930000,46.785820,16531600
2020-08-12,48.299999,48.689999,48.119999,48.430000,47.273884,9562200
2020-08-13,48.259998,48.730000,48.060001,48.380001,47.225079,9882900
2020-08-14,48.340000,48.689999,48.029999,48.450001,47.293407,10075800
2020-08-17,48.320000,48.750000,48.200001,48.209999,47.059135,9102400
2020-08-18,48.200001,48.500000,47.959999,48.419998,47.264122,9829000
2020-08-19,48.119999,48.380001,47.220001,47.369999,46.239189,17371000
2020-08-20,47.270000,47.599998,47.090000,47.349998,46.219662,11308700
2020-08-21,47.340000,47.500000,46.970001,47.279999,46.151337,14734100
2020-08-24,47.430000,47.980000,47.180000,47.970001,46.824867,9257700
2020-08-25,48.000000,48.049999,47.650002,47.910000,46.766296,7827800
2020-08-26,47.759998,48.180000,47.470001,48.160000,47.010330,10124200
2020-08-27,48.250000,48.820000,48.200001,48.230000,47.078655,10931600
2020-08-28,48.750000,49.849998,48.529999,49.830002,48.640465,16420300
2020-08-31,49.799999,50.070000,49.349998,49.529999,48.347626,18510800
2020-09-01,49.310001,49.349998,48.830002,49.119999,47.947411,12588400
2020-09-02,49.360001,51.360001,49.360001,51.189999,49.967995,26332600
2020-09-03,51.400002,52.139999,50.099998,50.480000,49.274944,22289400
2020-09-04,50.939999,51.470001,50.279999,51.040001,49.821579,21019500
2020-09-08,50.930000,51.040001,49.360001,49.810001,48.620941,17776700
2020-09-09,49.599998,50.759998,49.549999,50.189999,48.991871,15252300
2020-09-10,50.349998,50.680000,49.950001,50.000000,48.806404,15439500
2020-09-11,50.400002,51.200001,50.099998,51.060001,49.841103,18272300
2020-09-14,50.970001,51.230000,50.570000,50.709999,49.900143,10911700
2020-09-15,51.000000,51.380001,50.840000,51.049999,50.234711,12838400
2020-09-16,50.950001,51.450001,50.740002,50.790001,49.978863,15353900
2020-09-17,50.220001,50.630001,49.939999,50.549999,49.742699,13287100
2020-09-18,50.750000,51.160000,50.209999,50.450001,49.644295,23816600
2020-09-21,49.750000,50.020000,48.610001,49.090000,48.306015,17514800
2020-09-22,49.110001,50.040001,49.070000,49.660000,48.866913,13034600
2020-09-23,49.730000,49.919998,48.169998,48.209999,47.440067,17121200
2020-09-24,48.209999,49.099998,47.560001,48.700001,47.922245,16788100
2020-09-25,48.200001,48.759998,47.980000,48.720001,47.941925,12603400
2020-09-28,49.310001,49.709999,49.139999,49.279999,48.492977,11215700
2020-09-29,49.389999,49.560001,48.910000,48.919998,48.138729,12426600
2020-09-30,49.270000,49.619999,48.889999,49.369999,48.581539,15755900
2020-10-01,49.439999,49.660000,48.590000,49.180000,48.394577,17577300
2020-10-02,48.759998,49.580002,48.549999,49.360001,48.571705,13610100
2020-10-05,49.430000,49.549999,49.119999,49.380001,48.591385,10628700
2020-10-06,49.549999,49.730000,48.830002,48.939999,48.158409,10077400
2020-10-07,49.020000,49.759998,48.950001,49.560001,48.768509,10135600
2020-10-08,49.709999,50.540001,49.540001,50.459999,49.654137,12143900
2020-10-09,50.669998,51.230000,50.599998,50.810001,49.998547,11407800
2020-10-12,50.840000,51.529999,50.830002,51.090000,50.274071,11386500
2020-10-13,50.990002,50.990002,49.900002,50.220001,49.417969,14365300
2020-10-14,50.049999,50.490002,49.650002,50.119999,49.319561,10582100
2020-10-15,49.400002,50.130001,49.299999,49.990002,49.191643,9961700
2020-10-16,49.990002,50.349998,49.869999,50.029999,49.230999,13569800
2020-10-19,50.029999,50.480000,49.459999,49.619999,48.827549,9930400
2020-10-20,49.889999,50.619999,49.790001,50.250000,49.447487,10970700
2020-10-21,49.959999,50.430000,49.770000,49.990002,49.191643,12517400
2020-10-22,51.169998,51.200001,50.380001,50.680000,49.870621,20189200
2020-10-23,51.000000,51.180000,50.470001,50.520000,49.713177,13491300
2020-10-26,50.340000,50.509998,49.200001,49.799999,49.004677,14696400
2020-10-27,49.810001,50.290001,49.549999,49.900002,49.103077,13892100
2020-10-28,49.000000,49.150002,47.779999,47.959999,47.194057,19886200
2020-10-29,47.730000,48.480000,47.299999,48.020000,47.253101,15369900
2020-10-30,47.810001,48.119999,47.369999,48.060001,47.292465,15804000
2020-11-02,48.750000,48.950001,48.240002,48.619999,47.843517,15156100
2020-11-03,49.220001,49.959999,49.000000,49.349998,48.561859,15285100
2020-11-04,49.430000,50.209999,49.080002,49.169998,48.384735,12930800
2020-11-05,49.759998,50.209999,49.340000,49.439999,48.650425,12452400
2020-11-06,49.650002,49.990002,49.250000,49.450001,48.660267,9294900
2020-11-09,52.500000,53.259998,52.070000,52.570000,51.730438,33442000
2020-11-10,52.570000,54.279999,52.450001,53.980000,53.117916,29706700
2020-11-11,53.930000,54.299999,53.330002,53.580002,52.724308,17399900
2020-11-12,53.049999,53.209999,52.610001,53.009998,52.163410,15024400
2020-11-13,53.250000,53.500000,52.889999,53.450001,52.596382,12447900
2020-11-16,54.500000,54.619999,53.279999,53.849998,52.989994,14908200
2020-11-17,53.660000,53.750000,53.029999,53.680000,52.822712,14248400
2020-11-18,53.750000,54.020000,52.560001,52.610001,51.769798,15278200
2020-11-19,52.490002,53.230000,51.950001,53.130001,52.281494,17189500
2020-11-20,53.189999,53.250000,52.590000,52.669998,51.828838,15645600
2020-11-23,52.950001,53.169998,52.200001,52.680000,51.838680,13191900
2020-11-24,53.139999,53.590000,53.020000,53.220001,52.370056,13827600
2020-11-25,53.070000,53.279999,52.790001,52.930000,52.084690,10194800
2020-11-27,53.110001,53.189999,52.610001,52.700001,51.858360,8499300
2020-11-30,52.090000,52.189999,51.080002,51.599998,51.174057,43203600
2020-12-01,52.139999,52.330002,51.790001,52.040001,51.610428,18968800
2020-12-02,51.900002,52.130001,51.639999,52.110001,51.679848,14913100
2020-12-03,51.900002,52.939999,51.900002,52.779999,52.344315,17318900
2020-12-04,52.779999,53.869999,52.759998,53.849998,53.405483,18122400
2020-12-07,53.759998,53.779999,52.700001,52.990002,52.552586,16210900
2020-12-08,52.939999,53.480000,52.790001,53.180000,52.741016,12485800
2020-12-09,53.369999,53.599998,53.000000,53.330002,52.889778,11508400
2020-12-10,53.400002,53.509998,52.980000,53.049999,52.612087,12097300
2020-12-11,52.799999,53.540001,52.779999,53.349998,52.909611,10638100
2020-12-14,53.650002,53.840000,53.180000,53.270000,52.830273,22292000
2020-12-15,53.790001,54.220001,53.599998,53.840000,53.395565,16193700
2020-12-16,53.599998,53.799999,52.939999,53.060001,52.622005,15679600
2020-12-17,53.299999,53.709999,53.150002,53.270000,52.830273,12677300
2020-12-18,53.080002,53.840000,52.619999,53.740002,53.296394,35480100
2020-12-21,52.680000,53.000000,51.980000,52.810001,52.374069,14926600
2020-12-22,52.810001,53.180000,52.389999,52.759998,52.324478,9689500
2020-12-23,52.950001,53.389999,52.939999,53.080002,52.641842,7040300
2020-12-24,53.020000,53.549999,53.020000,53.439999,52.998867,3265500
2020-12-28,53.849998,54.439999,53.730000,54.160000,53.712925,9020500
2020-12-29,54.450001,54.490002,54.020000,54.130001,53.683174,8320600
2020-12-30,54.049999,54.630001,54.029999,54.439999,53.990612,8142700
2020-12-31,54.450001,54.930000,54.270000,54.840000,54.387314,8495000
2021-01-04,54.270000,54.630001,52.029999,52.759998,52.324478,25611100
2021-01-05,52.330002,52.619999,52.029999,52.180000,51.749271,20323800
2021-01-06,51.970001,52.020000,50.189999,50.520000,50.102974,38724500
2021-01-07,50.090000,50.259998,49.520000,49.959999,49.547592,53225700
2021-01-08,50.029999,51.130001,49.840000,51.080002,50.658352,29674000
2021-01-11,50.619999,50.860001,49.950001,50.200001,49.785614,19304400
2021-01-12,50.040001,50.369999,49.759998,50.110001,49.696358,18538700
2021-01-13,49.980000,50.360001,49.950001,50.160000,49.745945,18864100
2021-01-14,50.160000,50.180000,49.220001,49.230000,48.823620,34303600
2021-01-15,49.160000,49.180000,48.529999,48.700001,48.297997,24366800
2021-01-19,48.740002,49.040001,48.240002,48.509998,48.109562,29114500
2021-01-20,48.540001,48.820000,48.310001,48.680000,48.278160,23115800
2021-01-21,48.779999,49.090000,48.459999,48.950001,48.545933,19702500
2021-01-22,48.810001,48.939999,48.490002,48.490002,48.089729,15400300
2021-01-25,48.419998,48.840000,48.240002,48.779999,48.377335,16604200
2021-01-26,48.910000,49.400002,48.610001,49.290001,48.883125,12922600
2021-01-27,48.889999,49.320000,48.230000,48.529999,48.129398,21242400
2021-01-28,48.689999,49.500000,48.610001,49.150002,48.744282,17498900
2021-01-29,49.029999,49.119999,48.110001,48.150002,47.752537,18670300
2021-02-01,48.270000,48.689999,48.180000,48.480000,48.079811,12183600
2021-02-02,48.799999,49.349998,48.630001,48.959999,48.555847,13319800
2021-02-03,48.950001,49.090000,48.669998,48.770000,48.367420,12274100
2021-02-04,48.959999,49.070000,48.650002,49.009998,48.605434,20597400
2021-02-05,49.500000,49.779999,49.270000,49.650002,49.240154,12742000
2021-02-08,49.959999,50.169998,49.490002,49.919998,49.507923,17833200
2021-02-09,49.849998,50.020000,49.630001,49.700001,49.289742,14592900
2021-02-10,50.410000,50.580002,49.529999,49.599998,49.190563,22965400
2021-02-11,49.810001,50.590000,49.799999,50.299999,49.884789,21928600
2021-02-12,50.570000,50.849998,50.389999,50.689999,50.271568,13137100
2021-02-16,50.619999,50.720001,50.160000,50.270000,49.855038,15093400
2021-02-17,50.000000,50.490002,49.889999,50.130001,49.716194,12794300
2021-02-18,50.160000,50.849998,50.029999,50.770000,50.350910,12747100
2021-02-19,50.790001,50.830002,49.970001,50.110001,49.696358,15968800
2021-02-22,49.849998,50.880001,49.669998,50.630001,50.212067,14370900
2021-02-23,51.000000,51.509998,50.419998,50.540001,50.122807,16222300
2021-02-24,50.389999,50.900002,50.130001,50.709999,50.291405,14442000
2021-02-25,50.470001,50.750000,49.980000,50.169998,49.755859,14211100
2021-02-26,50.200001,50.209999,48.970001,48.990002,48.585602,23638400
2021-03-01,49.439999,50.439999,49.400002,49.900002,49.488091,13901200
2021-03-02,49.840000,50.560001,49.700001,50.099998,49.686440,11755100
2021-03-03,49.720001,50.560001,49.709999,49.980000,49.567429,15410700
2021-03-04,50.310001,51.090000,49.619999,49.939999,49.527760,22036400
2021-03-05,50.049999,50.950001,49.900002,50.790001,50.370743,21310800
2021-03-08,51.470001,52.490002,51.160000,51.639999,51.213726,25084900
2021-03-09,51.720001,51.880001,50.820000,50.860001,50.440166,23082700
2021-03-10,51.180000,51.630001,50.720001,51.439999,51.015377,21331600
2021-03-11,51.410000,51.430000,50.810001,50.880001,50.460003,17417700
2021-03-12,50.590000,50.680000,50.200001,50.360001,50.360001,17598600
2021-03-15,50.500000,51.119999,50.470001,51.029999,51.029999,13411900
2021-03-16,51.200001,51.520000,51.040001,51.220001,51.220001,14214200
2021-03-17,51.250000,51.619999,51.150002,51.240002,51.240002,17502700
2021-03-18,51.060001,51.189999,50.490002,50.570000,50.570000,18007300
2021-03-19,50.459999,51.080002,50.169998,50.810001,50.810001,67845700
2021-03-22,50.320000,51.080002,50.320000,51.000000,51.000000,17911400
2021-03-23,50.990002,51.650002,50.830002,51.389999,51.389999,16936700
2021-03-24,51.169998,51.889999,51.150002,51.520000,51.520000,14997400
2021-03-25,51.700001,52.060001,51.169998,52.020000,52.020000,17091900
2021-03-26,52.139999,53.110001,51.759998,53.040001,53.040001,17126700
2021-03-29,52.730000,53.939999,52.709999,53.849998,53.849998,17514100
2021-03-30,53.750000,53.790001,52.930000,53.150002,53.150002,14871800
2021-03-31,53.029999,53.169998,52.500000,52.709999,52.709999,15826500
2021-04-01,52.959999,53.150002,52.459999,52.509998,52.509998,15834700
2021-04-05,52.349998,53.220001,52.290001,52.810001,52.810001,16368700
2021-04-06,53.040001,53.650002,52.900002,53.189999,53.189999,15614300
2021-04-07,53.279999,53.500000,53.119999,53.279999,53.279999,10062700
2021-04-08,53.169998,53.380001,52.970001,53.119999,53.119999,9695600
2021-04-09,53.169998,53.279999,52.810001,53.180000,53.180000,10828200
2021-04-12,53.330002,53.549999,53.099998,53.349998,53.349998,8565300
2021-04-13,53.040001,53.290001,52.810001,53.090000,53.090000,11071700
2021-04-14,52.980000,53.189999,52.650002,53.080002,53.080002,9787600
2021-04-15,53.130001,53.660000,53.119999,53.330002,53.330002,13078100
2021-04-16,53.740002,53.799999,53.380001,53.680000,53.680000,17974100
2021-04-19,54.000000,54.360001,53.299999,54.000000,54.000000,19352900
2021-04-20,53.840000,54.590000,53.810001,54.169998,54.169998,14419200
2021-04-21,54.240002,54.740002,54.240002,54.610001,54.610001,13866500
2021-04-22,54.470001,54.869999,54.320000,54.439999,54.439999,12558900
2021-04-23,54.400002,54.590000,54.169998,54.470001,54.470001,9020500
2021-04-26,54.470001,54.509998,53.580002,53.660000,53.660000,11684600
2021-04-27,53.560001,53.700001,53.320000,53.580002,53.580002,9852400
2021-04-28,53.980000,54.049999,53.439999,53.590000,53.590000,10868100
2021-04-29,53.540001,54.360001,53.430000,54.259998,54.259998,15391000
2021-04-30,54.250000,54.270000,53.689999,53.980000,53.980000,14912200
2021-05-03,54.270000,54.799999,54.160000,54.480000,54.480000,10417900
2021-05-04,54.570000,54.619999,53.939999,54.139999,54.139999,14151000
2021-05-05,54.139999,54.139999,53.750000,54.000000,54.000000,6505800
2021-05-06,54.119999,54.610001,54.049999,54.540001,54.540001,11572700
2021-05-07,54.439999,54.770000,54.160000,54.509998,54.509998,10636800